/home/edge-host/Documents/GitHub/Theoretically_Driven_LLM_Planning/.pytest_cache/v/cache/lastfailed
/home/edge-host/Documents/GitHub/Theoretically_Driven_LLM_Planning/.pytest_cache/v/cache/nodeids
/home/edge-host/Documents/GitHub/Theoretically_Driven_LLM_Planning/.venv/lib/python3.13/site-packages/__pycache__/py.cpython-313.pyc
/home/edge-host/Documents/GitHub/Theoretically_Driven_LLM_Planning/.venv/lib/python3.13/site-packages/__pycache__/typing_extensions.cpython-313.pyc
/home/edge-host/Documents/GitHub/Theoretically_Driven_LLM_Planning/.venv/lib/python3.13/site-packages/_pytest/__pycache__/__init__.cpython-313.pyc
/home/edge-host/Documents/GitHub/Theoretically_Driven_LLM_Planning/.venv/lib/python3.13/site-packages/_pytest/__pycache__/_argcomplete.cpython-313.pyc
/home/edge-host/Documents/GitHub/Theoretically_Driven_LLM_Planning/.venv/lib/python3.13/site-packages/_pytest/__pycache__/_version.cpython-313.pyc
/home/edge-host/Documents/GitHub/Theoretically_Driven_LLM_Planning/.venv/lib/python3.13/site-packages/_pytest/__pycache__/cacheprovider.cpython-313.pyc
/home/edge-host/Documents/GitHub/Theoretically_Driven_LLM_Planning/.venv/lib/python3.13/site-packages/_pytest/__pycache__/capture.cpython-313.pyc
/home/edge-host/Documents/GitHub/Theoretically_Driven_LLM_Planning/.venv/lib/python3.13/site-packages/_pytest/__pycache__/compat.cpython-313.pyc
/home/edge-host/Documents/GitHub/Theoretically_Driven_LLM_Planning/.venv/lib/python3.13/site-packages/_pytest/__pycache__/debugging.cpython-313.pyc
/home/edge-host/Documents/GitHub/Theoretically_Driven_LLM_Planning/.venv/lib/python3.13/site-packages/_pytest/__pycache__/deprecated.cpython-313.pyc
/home/edge-host/Documents/GitHub/Theoretically_Driven_LLM_Planning/.venv/lib/python3.13/site-packages/_pytest/__pycache__/doctest.cpython-313.pyc
/home/edge-host/Documents/GitHub/Theoretically_Driven_LLM_Planning/.venv/lib/python3.13/site-packages/_pytest/__pycache__/faulthandler.cpython-313.pyc
/home/edge-host/Documents/GitHub/Theoretically_Driven_LLM_Planning/.venv/lib/python3.13/site-packages/_pytest/__pycache__/fixtures.cpython-313.pyc
/home/edge-host/Documents/GitHub/Theoretically_Driven_LLM_Planning/.venv/lib/python3.13/site-packages/_pytest/__pycache__/freeze_support.cpython-313.pyc
/home/edge-host/Documents/GitHub/Theoretically_Driven_LLM_Planning/.venv/lib/python3.13/site-packages/_pytest/__pycache__/helpconfig.cpython-313.pyc
/home/edge-host/Documents/GitHub/Theoretically_Driven_LLM_Planning/.venv/lib/python3.13/site-packages/_pytest/__pycache__/hookspec.cpython-313.pyc
/home/edge-host/Documents/GitHub/Theoretically_Driven_LLM_Planning/.venv/lib/python3.13/site-packages/_pytest/__pycache__/junitxml.cpython-313.pyc
/home/edge-host/Documents/GitHub/Theoretically_Driven_LLM_Planning/.venv/lib/python3.13/site-packages/_pytest/__pycache__/legacypath.cpython-313.pyc
/home/edge-host/Documents/GitHub/Theoretically_Driven_LLM_Planning/.venv/lib/python3.13/site-packages/_pytest/__pycache__/logging.cpython-313.pyc
/home/edge-host/Documents/GitHub/Theoretically_Driven_LLM_Planning/.venv/lib/python3.13/site-packages/_pytest/__pycache__/main.cpython-313.pyc
/home/edge-host/Documents/GitHub/Theoretically_Driven_LLM_Planning/.venv/lib/python3.13/site-packages/_pytest/__pycache__/monkeypatch.cpython-313.pyc
/home/edge-host/Documents/GitHub/Theoretically_Driven_LLM_Planning/.venv/lib/python3.13/site-packages/_pytest/__pycache__/nodes.cpython-313.pyc
/home/edge-host/Documents/GitHub/Theoretically_Driven_LLM_Planning/.venv/lib/python3.13/site-packages/_pytest/__pycache__/outcomes.cpython-313.pyc
/home/edge-host/Documents/GitHub/Theoretically_Driven_LLM_Planning/.venv/lib/python3.13/site-packages/_pytest/__pycache__/pastebin.cpython-313.pyc
/home/edge-host/Documents/GitHub/Theoretically_Driven_LLM_Planning/.venv/lib/python3.13/site-packages/_pytest/__pycache__/pathlib.cpython-313.pyc
/home/edge-host/Documents/GitHub/Theoretically_Driven_LLM_Planning/.venv/lib/python3.13/site-packages/_pytest/__pycache__/pytester.cpython-313.pyc
/home/edge-host/Documents/GitHub/Theoretically_Driven_LLM_Planning/.venv/lib/python3.13/site-packages/_pytest/__pycache__/python.cpython-313.pyc
/home/edge-host/Documents/GitHub/Theoretically_Driven_LLM_Planning/.venv/lib/python3.13/site-packages/_pytest/__pycache__/python_api.cpython-313.pyc
/home/edge-host/Documents/GitHub/Theoretically_Driven_LLM_Planning/.venv/lib/python3.13/site-packages/_pytest/__pycache__/raises.cpython-313.pyc
/home/edge-host/Documents/GitHub/Theoretically_Driven_LLM_Planning/.venv/lib/python3.13/site-packages/_pytest/__pycache__/recwarn.cpython-313.pyc
/home/edge-host/Documents/GitHub/Theoretically_Driven_LLM_Planning/.venv/lib/python3.13/site-packages/_pytest/__pycache__/reports.cpython-313.pyc
/home/edge-host/Documents/GitHub/Theoretically_Driven_LLM_Planning/.venv/lib/python3.13/site-packages/_pytest/__pycache__/runner.cpython-313.pyc
/home/edge-host/Documents/GitHub/Theoretically_Driven_LLM_Planning/.venv/lib/python3.13/site-packages/_pytest/__pycache__/scope.cpython-313.pyc
/home/edge-host/Documents/GitHub/Theoretically_Driven_LLM_Planning/.venv/lib/python3.13/site-packages/_pytest/__pycache__/setuponly.cpython-313.pyc
/home/edge-host/Documents/GitHub/Theoretically_Driven_LLM_Planning/.venv/lib/python3.13/site-packages/_pytest/__pycache__/setupplan.cpython-313.pyc
/home/edge-host/Documents/GitHub/Theoretically_Driven_LLM_Planning/.venv/lib/python3.13/site-packages/_pytest/__pycache__/skipping.cpython-313.pyc
/home/edge-host/Documents/GitHub/Theoretically_Driven_LLM_Planning/.venv/lib/python3.13/site-packages/_pytest/__pycache__/stash.cpython-313.pyc
/home/edge-host/Documents/GitHub/Theoretically_Driven_LLM_Planning/.venv/lib/python3.13/site-packages/_pytest/__pycache__/stepwise.cpython-313.pyc
/home/edge-host/Documents/GitHub/Theoretically_Driven_LLM_Planning/.venv/lib/python3.13/site-packages/_pytest/__pycache__/subtests.cpython-313.pyc
/home/edge-host/Documents/GitHub/Theoretically_Driven_LLM_Planning/.venv/lib/python3.13/site-packages/_pytest/__pycache__/terminal.cpython-313.pyc
/home/edge-host/Documents/GitHub/Theoretically_Driven_LLM_Planning/.venv/lib/python3.13/site-packages/_pytest/__pycache__/threadexception.cpython-313.pyc
/home/edge-host/Documents/GitHub/Theoretically_Driven_LLM_Planning/.venv/lib/python3.13/site-packages/_pytest/__pycache__/timing.cpython-313.pyc
/home/edge-host/Documents/GitHub/Theoretically_Driven_LLM_Planning/.venv/lib/python3.13/site-packages/_pytest/__pycache__/tmpdir.cpython-313.pyc
/home/edge-host/Documents/GitHub/Theoretically_Driven_LLM_Planning/.venv/lib/python3.13/site-packages/_pytest/__pycache__/tracemalloc.cpython-313.pyc
/home/edge-host/Documents/GitHub/Theoretically_Driven_LLM_Planning/.venv/lib/python3.13/site-packages/_pytest/__pycache__/unittest.cpython-313.pyc
/home/edge-host/Documents/GitHub/Theoretically_Driven_LLM_Planning/.venv/lib/python3.13/site-packages/_pytest/__pycache__/unraisableexception.cpython-313.pyc
/home/edge-host/Documents/GitHub/Theoretically_Driven_LLM_Planning/.venv/lib/python3.13/site-packages/_pytest/__pycache__/warning_types.cpython-313.pyc
/home/edge-host/Documents/GitHub/Theoretically_Driven_LLM_Planning/.venv/lib/python3.13/site-packages/_pytest/__pycache__/warnings.cpython-313.pyc
/home/edge-host/Documents/GitHub/Theoretically_Driven_LLM_Planning/.venv/lib/python3.13/site-packages/_pytest/_code/__pycache__/__init__.cpython-313.pyc
/home/edge-host/Documents/GitHub/Theoretically_Driven_LLM_Planning/.venv/lib/python3.13/site-packages/_pytest/_code/__pycache__/code.cpython-313.pyc
/home/edge-host/Documents/GitHub/Theoretically_Driven_LLM_Planning/.venv/lib/python3.13/site-packages/_pytest/_code/__pycache__/source.cpython-313.pyc
/home/edge-host/Documents/GitHub/Theoretically_Driven_LLM_Planning/.venv/lib/python3.13/site-packages/_pytest/_io/__pycache__/__init__.cpython-313.pyc
/home/edge-host/Documents/GitHub/Theoretically_Driven_LLM_Planning/.venv/lib/python3.13/site-packages/_pytest/_io/__pycache__/pprint.cpython-313.pyc
/home/edge-host/Documents/GitHub/Theoretically_Driven_LLM_Planning/.venv/lib/python3.13/site-packages/_pytest/_io/__pycache__/saferepr.cpython-313.pyc
/home/edge-host/Documents/GitHub/Theoretically_Driven_LLM_Planning/.venv/lib/python3.13/site-packages/_pytest/_io/__pycache__/terminalwriter.cpython-313.pyc
/home/edge-host/Documents/GitHub/Theoretically_Driven_LLM_Planning/.venv/lib/python3.13/site-packages/_pytest/_io/__pycache__/wcwidth.cpython-313.pyc
/home/edge-host/Documents/GitHub/Theoretically_Driven_LLM_Planning/.venv/lib/python3.13/site-packages/_pytest/_py/__pycache__/__init__.cpython-313.pyc
/home/edge-host/Documents/GitHub/Theoretically_Driven_LLM_Planning/.venv/lib/python3.13/site-packages/_pytest/_py/__pycache__/error.cpython-313.pyc
/home/edge-host/Documents/GitHub/Theoretically_Driven_LLM_Planning/.venv/lib/python3.13/site-packages/_pytest/_py/__pycache__/path.cpython-313.pyc
/home/edge-host/Documents/GitHub/Theoretically_Driven_LLM_Planning/.venv/lib/python3.13/site-packages/_pytest/assertion/__pycache__/__init__.cpython-313.pyc
/home/edge-host/Documents/GitHub/Theoretically_Driven_LLM_Planning/.venv/lib/python3.13/site-packages/_pytest/assertion/__pycache__/_compare_any.cpython-313.pyc
/home/edge-host/Documents/GitHub/Theoretically_Driven_LLM_Planning/.venv/lib/python3.13/site-packages/_pytest/assertion/__pycache__/_compare_mapping.cpython-313.pyc
/home/edge-host/Documents/GitHub/Theoretically_Driven_LLM_Planning/.venv/lib/python3.13/site-packages/_pytest/assertion/__pycache__/_compare_sequence.cpython-313.pyc
/home/edge-host/Documents/GitHub/Theoretically_Driven_LLM_Planning/.venv/lib/python3.13/site-packages/_pytest/assertion/__pycache__/_compare_set.cpython-313.pyc
/home/edge-host/Documents/GitHub/Theoretically_Driven_LLM_Planning/.venv/lib/python3.13/site-packages/_pytest/assertion/__pycache__/_guards.cpython-313.pyc
/home/edge-host/Documents/GitHub/Theoretically_Driven_LLM_Planning/.venv/lib/python3.13/site-packages/_pytest/assertion/__pycache__/_typing.cpython-313.pyc
/home/edge-host/Documents/GitHub/Theoretically_Driven_LLM_Planning/.venv/lib/python3.13/site-packages/_pytest/assertion/__pycache__/compare_text.cpython-313.pyc
/home/edge-host/Documents/GitHub/Theoretically_Driven_LLM_Planning/.venv/lib/python3.13/site-packages/_pytest/assertion/__pycache__/highlight.cpython-313.pyc
/home/edge-host/Documents/GitHub/Theoretically_Driven_LLM_Planning/.venv/lib/python3.13/site-packages/_pytest/assertion/__pycache__/rewrite.cpython-313.pyc
/home/edge-host/Documents/GitHub/Theoretically_Driven_LLM_Planning/.venv/lib/python3.13/site-packages/_pytest/assertion/__pycache__/truncate.cpython-313.pyc
/home/edge-host/Documents/GitHub/Theoretically_Driven_LLM_Planning/.venv/lib/python3.13/site-packages/_pytest/assertion/__pycache__/util.cpython-313.pyc
/home/edge-host/Documents/GitHub/Theoretically_Driven_LLM_Planning/.venv/lib/python3.13/site-packages/_pytest/config/__pycache__/__init__.cpython-313.pyc
/home/edge-host/Documents/GitHub/Theoretically_Driven_LLM_Planning/.venv/lib/python3.13/site-packages/_pytest/config/__pycache__/argparsing.cpython-313.pyc
/home/edge-host/Documents/GitHub/Theoretically_Driven_LLM_Planning/.venv/lib/python3.13/site-packages/_pytest/config/__pycache__/exceptions.cpython-313.pyc
/home/edge-host/Documents/GitHub/Theoretically_Driven_LLM_Planning/.venv/lib/python3.13/site-packages/_pytest/config/__pycache__/findpaths.cpython-313.pyc
/home/edge-host/Documents/GitHub/Theoretically_Driven_LLM_Planning/.venv/lib/python3.13/site-packages/_pytest/mark/__pycache__/__init__.cpython-313.pyc
/home/edge-host/Documents/GitHub/Theoretically_Driven_LLM_Planning/.venv/lib/python3.13/site-packages/_pytest/mark/__pycache__/expression.cpython-313.pyc
/home/edge-host/Documents/GitHub/Theoretically_Driven_LLM_Planning/.venv/lib/python3.13/site-packages/_pytest/mark/__pycache__/structures.cpython-313.pyc
/home/edge-host/Documents/GitHub/Theoretically_Driven_LLM_Planning/.venv/lib/python3.13/site-packages/annotated_types-0.8.0.dist-info/entry_points.txt
/home/edge-host/Documents/GitHub/Theoretically_Driven_LLM_Planning/.venv/lib/python3.13/site-packages/annotated_types/__pycache__/__init__.cpython-313.pyc
/home/edge-host/Documents/GitHub/Theoretically_Driven_LLM_Planning/.venv/lib/python3.13/site-packages/anyio-4.14.2.dist-info/RECORD
/home/edge-host/Documents/GitHub/Theoretically_Driven_LLM_Planning/.venv/lib/python3.13/site-packages/anyio-4.14.2.dist-info/entry_points.txt
/home/edge-host/Documents/GitHub/Theoretically_Driven_LLM_Planning/.venv/lib/python3.13/site-packages/anyio/__pycache__/__init__.cpython-313-pytest-9.1.1.pyc
/home/edge-host/Documents/GitHub/Theoretically_Driven_LLM_Planning/.venv/lib/python3.13/site-packages/anyio/__pycache__/from_thread.cpython-313-pytest-9.1.1.pyc
/home/edge-host/Documents/GitHub/Theoretically_Driven_LLM_Planning/.venv/lib/python3.13/site-packages/anyio/__pycache__/lowlevel.cpython-313-pytest-9.1.1.pyc
/home/edge-host/Documents/GitHub/Theoretically_Driven_LLM_Planning/.venv/lib/python3.13/site-packages/anyio/__pycache__/pytest_plugin.cpython-313-pytest-9.1.1.pyc
/home/edge-host/Documents/GitHub/Theoretically_Driven_LLM_Planning/.venv/lib/python3.13/site-packages/anyio/__pycache__/to_thread.cpython-313-pytest-9.1.1.pyc
/home/edge-host/Documents/GitHub/Theoretically_Driven_LLM_Planning/.venv/lib/python3.13/site-packages/anyio/_backends/__pycache__/__init__.cpython-313-pytest-9.1.1.pyc
/home/edge-host/Documents/GitHub/Theoretically_Driven_LLM_Planning/.venv/lib/python3.13/site-packages/anyio/_backends/__pycache__/_asyncio.cpython-313-pytest-9.1.1.pyc
/home/edge-host/Documents/GitHub/Theoretically_Driven_LLM_Planning/.venv/lib/python3.13/site-packages/anyio/_backends/__pycache__/_trio.cpython-313-pytest-9.1.1.pyc
/home/edge-host/Documents/GitHub/Theoretically_Driven_LLM_Planning/.venv/lib/python3.13/site-packages/anyio/_core/__pycache__/__init__.cpython-313-pytest-9.1.1.pyc
/home/edge-host/Documents/GitHub/Theoretically_Driven_LLM_Planning/.venv/lib/python3.13/site-packages/anyio/_core/__pycache__/_contextmanagers.cpython-313-pytest-9.1.1.pyc
/home/edge-host/Documents/GitHub/Theoretically_Driven_LLM_Planning/.venv/lib/python3.13/site-packages/anyio/_core/__pycache__/_eventloop.cpython-313-pytest-9.1.1.pyc
/home/edge-host/Documents/GitHub/Theoretically_Driven_LLM_Planning/.venv/lib/python3.13/site-packages/anyio/_core/__pycache__/_exceptions.cpython-313-pytest-9.1.1.pyc
/home/edge-host/Documents/GitHub/Theoretically_Driven_LLM_Planning/.venv/lib/python3.13/site-packages/anyio/_core/__pycache__/_fileio.cpython-313-pytest-9.1.1.pyc
/home/edge-host/Documents/GitHub/Theoretically_Driven_LLM_Planning/.venv/lib/python3.13/site-packages/anyio/_core/__pycache__/_resources.cpython-313-pytest-9.1.1.pyc
/home/edge-host/Documents/GitHub/Theoretically_Driven_LLM_Planning/.venv/lib/python3.13/site-packages/anyio/_core/__pycache__/_signals.cpython-313-pytest-9.1.1.pyc
/home/edge-host/Documents/GitHub/Theoretically_Driven_LLM_Planning/.venv/lib/python3.13/site-packages/anyio/_core/__pycache__/_sockets.cpython-313-pytest-9.1.1.pyc
/home/edge-host/Documents/GitHub/Theoretically_Driven_LLM_Planning/.venv/lib/python3.13/site-packages/anyio/_core/__pycache__/_streams.cpython-313-pytest-9.1.1.pyc
/home/edge-host/Documents/GitHub/Theoretically_Driven_LLM_Planning/.venv/lib/python3.13/site-packages/anyio/_core/__pycache__/_subprocesses.cpython-313-pytest-9.1.1.pyc
/home/edge-host/Documents/GitHub/Theoretically_Driven_LLM_Planning/.venv/lib/python3.13/site-packages/anyio/_core/__pycache__/_synchronization.cpython-313-pytest-9.1.1.pyc
/home/edge-host/Documents/GitHub/Theoretically_Driven_LLM_Planning/.venv/lib/python3.13/site-packages/anyio/_core/__pycache__/_tasks.cpython-313-pytest-9.1.1.pyc
/home/edge-host/Documents/GitHub/Theoretically_Driven_LLM_Planning/.venv/lib/python3.13/site-packages/anyio/_core/__pycache__/_tempfile.cpython-313-pytest-9.1.1.pyc
/home/edge-host/Documents/GitHub/Theoretically_Driven_LLM_Planning/.venv/lib/python3.13/site-packages/anyio/_core/__pycache__/_testing.cpython-313-pytest-9.1.1.pyc
/home/edge-host/Documents/GitHub/Theoretically_Driven_LLM_Planning/.venv/lib/python3.13/site-packages/anyio/_core/__pycache__/_typedattr.cpython-313-pytest-9.1.1.pyc
/home/edge-host/Documents/GitHub/Theoretically_Driven_LLM_Planning/.venv/lib/python3.13/site-packages/anyio/abc/__pycache__/__init__.cpython-313-pytest-9.1.1.pyc
/home/edge-host/Documents/GitHub/Theoretically_Driven_LLM_Planning/.venv/lib/python3.13/site-packages/anyio/abc/__pycache__/_eventloop.cpython-313-pytest-9.1.1.pyc
/home/edge-host/Documents/GitHub/Theoretically_Driven_LLM_Planning/.venv/lib/python3.13/site-packages/anyio/abc/__pycache__/_resources.cpython-313-pytest-9.1.1.pyc
/home/edge-host/Documents/GitHub/Theoretically_Driven_LLM_Planning/.venv/lib/python3.13/site-packages/anyio/abc/__pycache__/_sockets.cpython-313-pytest-9.1.1.pyc
/home/edge-host/Documents/GitHub/Theoretically_Driven_LLM_Planning/.venv/lib/python3.13/site-packages/anyio/abc/__pycache__/_streams.cpython-313-pytest-9.1.1.pyc
/home/edge-host/Documents/GitHub/Theoretically_Driven_LLM_Planning/.venv/lib/python3.13/site-packages/anyio/abc/__pycache__/_subprocesses.cpython-313-pytest-9.1.1.pyc
/home/edge-host/Documents/GitHub/Theoretically_Driven_LLM_Planning/.venv/lib/python3.13/site-packages/anyio/abc/__pycache__/_tasks.cpython-313-pytest-9.1.1.pyc
/home/edge-host/Documents/GitHub/Theoretically_Driven_LLM_Planning/.venv/lib/python3.13/site-packages/anyio/abc/__pycache__/_testing.cpython-313-pytest-9.1.1.pyc
/home/edge-host/Documents/GitHub/Theoretically_Driven_LLM_Planning/.venv/lib/python3.13/site-packages/anyio/streams/__pycache__/__init__.cpython-313-pytest-9.1.1.pyc
/home/edge-host/Documents/GitHub/Theoretically_Driven_LLM_Planning/.venv/lib/python3.13/site-packages/anyio/streams/__pycache__/file.cpython-313-pytest-9.1.1.pyc
/home/edge-host/Documents/GitHub/Theoretically_Driven_LLM_Planning/.venv/lib/python3.13/site-packages/anyio/streams/__pycache__/memory.cpython-313-pytest-9.1.1.pyc
/home/edge-host/Documents/GitHub/Theoretically_Driven_LLM_Planning/.venv/lib/python3.13/site-packages/anyio/streams/__pycache__/stapled.cpython-313-pytest-9.1.1.pyc
/home/edge-host/Documents/GitHub/Theoretically_Driven_LLM_Planning/.venv/lib/python3.13/site-packages/anyio/streams/__pycache__/text.cpython-313-pytest-9.1.1.pyc
/home/edge-host/Documents/GitHub/Theoretically_Driven_LLM_Planning/.venv/lib/python3.13/site-packages/anyio/streams/__pycache__/tls.cpython-313-pytest-9.1.1.pyc
/home/edge-host/Documents/GitHub/Theoretically_Driven_LLM_Planning/.venv/lib/python3.13/site-packages/attr/__pycache__/__init__.cpython-313.pyc
/home/edge-host/Documents/GitHub/Theoretically_Driven_LLM_Planning/.venv/lib/python3.13/site-packages/attr/__pycache__/_cmp.cpython-313.pyc
/home/edge-host/Documents/GitHub/Theoretically_Driven_LLM_Planning/.venv/lib/python3.13/site-packages/attr/__pycache__/_compat.cpython-313.pyc
/home/edge-host/Documents/GitHub/Theoretically_Driven_LLM_Planning/.venv/lib/python3.13/site-packages/attr/__pycache__/_config.cpython-313.pyc
/home/edge-host/Documents/GitHub/Theoretically_Driven_LLM_Planning/.venv/lib/python3.13/site-packages/attr/__pycache__/_funcs.cpython-313.pyc
/home/edge-host/Documents/GitHub/Theoretically_Driven_LLM_Planning/.venv/lib/python3.13/site-packages/attr/__pycache__/_make.cpython-313.pyc
/home/edge-host/Documents/GitHub/Theoretically_Driven_LLM_Planning/.venv/lib/python3.13/site-packages/attr/__pycache__/_next_gen.cpython-313.pyc
/home/edge-host/Documents/GitHub/Theoretically_Driven_LLM_Planning/.venv/lib/python3.13/site-packages/attr/__pycache__/_version_info.cpython-313.pyc
/home/edge-host/Documents/GitHub/Theoretically_Driven_LLM_Planning/.venv/lib/python3.13/site-packages/attr/__pycache__/converters.cpython-313.pyc
/home/edge-host/Documents/GitHub/Theoretically_Driven_LLM_Planning/.venv/lib/python3.13/site-packages/attr/__pycache__/exceptions.cpython-313.pyc
/home/edge-host/Documents/GitHub/Theoretically_Driven_LLM_Planning/.venv/lib/python3.13/site-packages/attr/__pycache__/filters.cpython-313.pyc
/home/edge-host/Documents/GitHub/Theoretically_Driven_LLM_Planning/.venv/lib/python3.13/site-packages/attr/__pycache__/setters.cpython-313.pyc
/home/edge-host/Documents/GitHub/Theoretically_Driven_LLM_Planning/.venv/lib/python3.13/site-packages/attr/__pycache__/validators.cpython-313.pyc
/home/edge-host/Documents/GitHub/Theoretically_Driven_LLM_Planning/.venv/lib/python3.13/site-packages/attrs-26.1.0.dist-info/entry_points.txt
/home/edge-host/Documents/GitHub/Theoretically_Driven_LLM_Planning/.venv/lib/python3.13/site-packages/attrs/__pycache__/__init__.cpython-313.pyc
/home/edge-host/Documents/GitHub/Theoretically_Driven_LLM_Planning/.venv/lib/python3.13/site-packages/attrs/__pycache__/converters.cpython-313.pyc
/home/edge-host/Documents/GitHub/Theoretically_Driven_LLM_Planning/.venv/lib/python3.13/site-packages/attrs/__pycache__/exceptions.cpython-313.pyc
/home/edge-host/Documents/GitHub/Theoretically_Driven_LLM_Planning/.venv/lib/python3.13/site-packages/attrs/__pycache__/filters.cpython-313.pyc
/home/edge-host/Documents/GitHub/Theoretically_Driven_LLM_Planning/.venv/lib/python3.13/site-packages/attrs/__pycache__/setters.cpython-313.pyc
/home/edge-host/Documents/GitHub/Theoretically_Driven_LLM_Planning/.venv/lib/python3.13/site-packages/attrs/__pycache__/validators.cpython-313.pyc
/home/edge-host/Documents/GitHub/Theoretically_Driven_LLM_Planning/.venv/lib/python3.13/site-packages/certifi-2026.7.22.dist-info/entry_points.txt
/home/edge-host/Documents/GitHub/Theoretically_Driven_LLM_Planning/.venv/lib/python3.13/site-packages/cffi-2.1.1.dist-info/entry_points.txt
/home/edge-host/Documents/GitHub/Theoretically_Driven_LLM_Planning/.venv/lib/python3.13/site-packages/click-8.5.0.dist-info/entry_points.txt
/home/edge-host/Documents/GitHub/Theoretically_Driven_LLM_Planning/.venv/lib/python3.13/site-packages/click/__pycache__/__init__.cpython-313.pyc
/home/edge-host/Documents/GitHub/Theoretically_Driven_LLM_Planning/.venv/lib/python3.13/site-packages/click/__pycache__/_compat.cpython-313.pyc
/home/edge-host/Documents/GitHub/Theoretically_Driven_LLM_Planning/.venv/lib/python3.13/site-packages/click/__pycache__/_utils.cpython-313.pyc
/home/edge-host/Documents/GitHub/Theoretically_Driven_LLM_Planning/.venv/lib/python3.13/site-packages/click/__pycache__/core.cpython-313.pyc
/home/edge-host/Documents/GitHub/Theoretically_Driven_LLM_Planning/.venv/lib/python3.13/site-packages/click/__pycache__/decorators.cpython-313.pyc
/home/edge-host/Documents/GitHub/Theoretically_Driven_LLM_Planning/.venv/lib/python3.13/site-packages/click/__pycache__/exceptions.cpython-313.pyc
/home/edge-host/Documents/GitHub/Theoretically_Driven_LLM_Planning/.venv/lib/python3.13/site-packages/click/__pycache__/formatting.cpython-313.pyc
/home/edge-host/Documents/GitHub/Theoretically_Driven_LLM_Planning/.venv/lib/python3.13/site-packages/click/__pycache__/globals.cpython-313.pyc
/home/edge-host/Documents/GitHub/Theoretically_Driven_LLM_Planning/.venv/lib/python3.13/site-packages/click/__pycache__/parser.cpython-313.pyc
/home/edge-host/Documents/GitHub/Theoretically_Driven_LLM_Planning/.venv/lib/python3.13/site-packages/click/__pycache__/termui.cpython-313.pyc
/home/edge-host/Documents/GitHub/Theoretically_Driven_LLM_Planning/.venv/lib/python3.13/site-packages/click/__pycache__/types.cpython-313.pyc
/home/edge-host/Documents/GitHub/Theoretically_Driven_LLM_Planning/.venv/lib/python3.13/site-packages/click/__pycache__/utils.cpython-313.pyc
/home/edge-host/Documents/GitHub/Theoretically_Driven_LLM_Planning/.venv/lib/python3.13/site-packages/component_belief_mcp-0.6.1.dist-info/entry_points.txt
/home/edge-host/Documents/GitHub/Theoretically_Driven_LLM_Planning/.venv/lib/python3.13/site-packages/cryptography-50.0.1.dist-info/entry_points.txt
/home/edge-host/Documents/GitHub/Theoretically_Driven_LLM_Planning/.venv/lib/python3.13/site-packages/dotenv/__pycache__/__init__.cpython-313.pyc
/home/edge-host/Documents/GitHub/Theoretically_Driven_LLM_Planning/.venv/lib/python3.13/site-packages/dotenv/__pycache__/main.cpython-313.pyc
/home/edge-host/Documents/GitHub/Theoretically_Driven_LLM_Planning/.venv/lib/python3.13/site-packages/dotenv/__pycache__/parser.cpython-313.pyc
/home/edge-host/Documents/GitHub/Theoretically_Driven_LLM_Planning/.venv/lib/python3.13/site-packages/dotenv/__pycache__/variables.cpython-313.pyc
/home/edge-host/Documents/GitHub/Theoretically_Driven_LLM_Planning/.venv/lib/python3.13/site-packages/h11-0.16.0.dist-info/entry_points.txt
/home/edge-host/Documents/GitHub/Theoretically_Driven_LLM_Planning/.venv/lib/python3.13/site-packages/httpcore-1.0.9.dist-info/entry_points.txt
/home/edge-host/Documents/GitHub/Theoretically_Driven_LLM_Planning/.venv/lib/python3.13/site-packages/httpx-0.28.1.dist-info/entry_points.txt
/home/edge-host/Documents/GitHub/Theoretically_Driven_LLM_Planning/.venv/lib/python3.13/site-packages/httpx/__pycache__/__init__.cpython-313.pyc
/home/edge-host/Documents/GitHub/Theoretically_Driven_LLM_Planning/.venv/lib/python3.13/site-packages/httpx/__pycache__/__version__.cpython-313.pyc
/home/edge-host/Documents/GitHub/Theoretically_Driven_LLM_Planning/.venv/lib/python3.13/site-packages/httpx/__pycache__/_api.cpython-313.pyc
/home/edge-host/Documents/GitHub/Theoretically_Driven_LLM_Planning/.venv/lib/python3.13/site-packages/httpx/__pycache__/_auth.cpython-313.pyc
/home/edge-host/Documents/GitHub/Theoretically_Driven_LLM_Planning/.venv/lib/python3.13/site-packages/httpx/__pycache__/_client.cpython-313.pyc
/home/edge-host/Documents/GitHub/Theoretically_Driven_LLM_Planning/.venv/lib/python3.13/site-packages/httpx/__pycache__/_config.cpython-313.pyc
/home/edge-host/Documents/GitHub/Theoretically_Driven_LLM_Planning/.venv/lib/python3.13/site-packages/httpx/__pycache__/_content.cpython-313.pyc
/home/edge-host/Documents/GitHub/Theoretically_Driven_LLM_Planning/.venv/lib/python3.13/site-packages/httpx/__pycache__/_decoders.cpython-313.pyc
/home/edge-host/Documents/GitHub/Theoretically_Driven_LLM_Planning/.venv/lib/python3.13/site-packages/httpx/__pycache__/_exceptions.cpython-313.pyc
/home/edge-host/Documents/GitHub/Theoretically_Driven_LLM_Planning/.venv/lib/python3.13/site-packages/httpx/__pycache__/_main.cpython-313.pyc
/home/edge-host/Documents/GitHub/Theoretically_Driven_LLM_Planning/.venv/lib/python3.13/site-packages/httpx/__pycache__/_models.cpython-313.pyc
/home/edge-host/Documents/GitHub/Theoretically_Driven_LLM_Planning/.venv/lib/python3.13/site-packages/httpx/__pycache__/_multipart.cpython-313.pyc
/home/edge-host/Documents/GitHub/Theoretically_Driven_LLM_Planning/.venv/lib/python3.13/site-packages/httpx/__pycache__/_status_codes.cpython-313.pyc
/home/edge-host/Documents/GitHub/Theoretically_Driven_LLM_Planning/.venv/lib/python3.13/site-packages/httpx/__pycache__/_types.cpython-313.pyc
/home/edge-host/Documents/GitHub/Theoretically_Driven_LLM_Planning/.venv/lib/python3.13/site-packages/httpx/__pycache__/_urlparse.cpython-313.pyc
/home/edge-host/Documents/GitHub/Theoretically_Driven_LLM_Planning/.venv/lib/python3.13/site-packages/httpx/__pycache__/_urls.cpython-313.pyc
/home/edge-host/Documents/GitHub/Theoretically_Driven_LLM_Planning/.venv/lib/python3.13/site-packages/httpx/__pycache__/_utils.cpython-313.pyc
/home/edge-host/Documents/GitHub/Theoretically_Driven_LLM_Planning/.venv/lib/python3.13/site-packages/httpx/_transports/__pycache__/__init__.cpython-313.pyc
/home/edge-host/Documents/GitHub/Theoretically_Driven_LLM_Planning/.venv/lib/python3.13/site-packages/httpx/_transports/__pycache__/asgi.cpython-313.pyc
/home/edge-host/Documents/GitHub/Theoretically_Driven_LLM_Planning/.venv/lib/python3.13/site-packages/httpx/_transports/__pycache__/base.cpython-313.pyc
/home/edge-host/Documents/GitHub/Theoretically_Driven_LLM_Planning/.venv/lib/python3.13/site-packages/httpx/_transports/__pycache__/default.cpython-313.pyc
/home/edge-host/Documents/GitHub/Theoretically_Driven_LLM_Planning/.venv/lib/python3.13/site-packages/httpx/_transports/__pycache__/mock.cpython-313.pyc
/home/edge-host/Documents/GitHub/Theoretically_Driven_LLM_Planning/.venv/lib/python3.13/site-packages/httpx/_transports/__pycache__/wsgi.cpython-313.pyc
/home/edge-host/Documents/GitHub/Theoretically_Driven_LLM_Planning/.venv/lib/python3.13/site-packages/httpx_sse-0.4.3.dist-info/entry_points.txt
/home/edge-host/Documents/GitHub/Theoretically_Driven_LLM_Planning/.venv/lib/python3.13/site-packages/httpx_sse/__pycache__/__init__.cpython-313.pyc
/home/edge-host/Documents/GitHub/Theoretically_Driven_LLM_Planning/.venv/lib/python3.13/site-packages/httpx_sse/__pycache__/_api.cpython-313.pyc
/home/edge-host/Documents/GitHub/Theoretically_Driven_LLM_Planning/.venv/lib/python3.13/site-packages/httpx_sse/__pycache__/_decoders.cpython-313.pyc
/home/edge-host/Documents/GitHub/Theoretically_Driven_LLM_Planning/.venv/lib/python3.13/site-packages/httpx_sse/__pycache__/_exceptions.cpython-313.pyc
/home/edge-host/Documents/GitHub/Theoretically_Driven_LLM_Planning/.venv/lib/python3.13/site-packages/httpx_sse/__pycache__/_models.cpython-313.pyc
/home/edge-host/Documents/GitHub/Theoretically_Driven_LLM_Planning/.venv/lib/python3.13/site-packages/idna-3.19.dist-info/entry_points.txt
/home/edge-host/Documents/GitHub/Theoretically_Driven_LLM_Planning/.venv/lib/python3.13/site-packages/idna/__pycache__/__init__.cpython-313.pyc
/home/edge-host/Documents/GitHub/Theoretically_Driven_LLM_Planning/.venv/lib/python3.13/site-packages/idna/__pycache__/core.cpython-313.pyc
/home/edge-host/Documents/GitHub/Theoretically_Driven_LLM_Planning/.venv/lib/python3.13/site-packages/idna/__pycache__/idnadata.cpython-313.pyc
/home/edge-host/Documents/GitHub/Theoretically_Driven_LLM_Planning/.venv/lib/python3.13/site-packages/idna/__pycache__/intranges.cpython-313.pyc
/home/edge-host/Documents/GitHub/Theoretically_Driven_LLM_Planning/.venv/lib/python3.13/site-packages/idna/__pycache__/package_data.cpython-313.pyc
/home/edge-host/Documents/GitHub/Theoretically_Driven_LLM_Planning/.venv/lib/python3.13/site-packages/iniconfig-2.3.0.dist-info/entry_points.txt
/home/edge-host/Documents/GitHub/Theoretically_Driven_LLM_Planning/.venv/lib/python3.13/site-packages/iniconfig/__pycache__/__init__.cpython-313.pyc
/home/edge-host/Documents/GitHub/Theoretically_Driven_LLM_Planning/.venv/lib/python3.13/site-packages/iniconfig/__pycache__/_parse.cpython-313.pyc
/home/edge-host/Documents/GitHub/Theoretically_Driven_LLM_Planning/.venv/lib/python3.13/site-packages/iniconfig/__pycache__/exceptions.cpython-313.pyc
/home/edge-host/Documents/GitHub/Theoretically_Driven_LLM_Planning/.venv/lib/python3.13/site-packages/jsonschema-4.26.0.dist-info/entry_points.txt
/home/edge-host/Documents/GitHub/Theoretically_Driven_LLM_Planning/.venv/lib/python3.13/site-packages/jsonschema/__pycache__/__init__.cpython-313.pyc
/home/edge-host/Documents/GitHub/Theoretically_Driven_LLM_Planning/.venv/lib/python3.13/site-packages/jsonschema/__pycache__/_format.cpython-313.pyc
/home/edge-host/Documents/GitHub/Theoretically_Driven_LLM_Planning/.venv/lib/python3.13/site-packages/jsonschema/__pycache__/_keywords.cpython-313.pyc
/home/edge-host/Documents/GitHub/Theoretically_Driven_LLM_Planning/.venv/lib/python3.13/site-packages/jsonschema/__pycache__/_legacy_keywords.cpython-313.pyc
/home/edge-host/Documents/GitHub/Theoretically_Driven_LLM_Planning/.venv/lib/python3.13/site-packages/jsonschema/__pycache__/_types.cpython-313.pyc
/home/edge-host/Documents/GitHub/Theoretically_Driven_LLM_Planning/.venv/lib/python3.13/site-packages/jsonschema/__pycache__/_typing.cpython-313.pyc
/home/edge-host/Documents/GitHub/Theoretically_Driven_LLM_Planning/.venv/lib/python3.13/site-packages/jsonschema/__pycache__/_utils.cpython-313.pyc
/home/edge-host/Documents/GitHub/Theoretically_Driven_LLM_Planning/.venv/lib/python3.13/site-packages/jsonschema/__pycache__/exceptions.cpython-313.pyc
/home/edge-host/Documents/GitHub/Theoretically_Driven_LLM_Planning/.venv/lib/python3.13/site-packages/jsonschema/__pycache__/protocols.cpython-313.pyc
/home/edge-host/Documents/GitHub/Theoretically_Driven_LLM_Planning/.venv/lib/python3.13/site-packages/jsonschema/__pycache__/validators.cpython-313.pyc
/home/edge-host/Documents/GitHub/Theoretically_Driven_LLM_Planning/.venv/lib/python3.13/site-packages/jsonschema_specifications-2025.9.1.dist-info/entry_points.txt
/home/edge-host/Documents/GitHub/Theoretically_Driven_LLM_Planning/.venv/lib/python3.13/site-packages/jsonschema_specifications/__pycache__/__init__.cpython-313.pyc
/home/edge-host/Documents/GitHub/Theoretically_Driven_LLM_Planning/.venv/lib/python3.13/site-packages/jsonschema_specifications/__pycache__/_core.cpython-313.pyc
/home/edge-host/Documents/GitHub/Theoretically_Driven_LLM_Planning/.venv/lib/python3.13/site-packages/jsonschema_specifications/schemas/draft201909/metaschema.json
/home/edge-host/Documents/GitHub/Theoretically_Driven_LLM_Planning/.venv/lib/python3.13/site-packages/jsonschema_specifications/schemas/draft201909/vocabularies/applicator
/home/edge-host/Documents/GitHub/Theoretically_Driven_LLM_Planning/.venv/lib/python3.13/site-packages/jsonschema_specifications/schemas/draft201909/vocabularies/content
/home/edge-host/Documents/GitHub/Theoretically_Driven_LLM_Planning/.venv/lib/python3.13/site-packages/jsonschema_specifications/schemas/draft201909/vocabularies/core
/home/edge-host/Documents/GitHub/Theoretically_Driven_LLM_Planning/.venv/lib/python3.13/site-packages/jsonschema_specifications/schemas/draft201909/vocabularies/format
/home/edge-host/Documents/GitHub/Theoretically_Driven_LLM_Planning/.venv/lib/python3.13/site-packages/jsonschema_specifications/schemas/draft201909/vocabularies/meta-data
/home/edge-host/Documents/GitHub/Theoretically_Driven_LLM_Planning/.venv/lib/python3.13/site-packages/jsonschema_specifications/schemas/draft201909/vocabularies/validation
/home/edge-host/Documents/GitHub/Theoretically_Driven_LLM_Planning/.venv/lib/python3.13/site-packages/jsonschema_specifications/schemas/draft202012/metaschema.json
/home/edge-host/Documents/GitHub/Theoretically_Driven_LLM_Planning/.venv/lib/python3.13/site-packages/jsonschema_specifications/schemas/draft202012/vocabularies/applicator
/home/edge-host/Documents/GitHub/Theoretically_Driven_LLM_Planning/.venv/lib/python3.13/site-packages/jsonschema_specifications/schemas/draft202012/vocabularies/content
/home/edge-host/Documents/GitHub/Theoretically_Driven_LLM_Planning/.venv/lib/python3.13/site-packages/jsonschema_specifications/schemas/draft202012/vocabularies/core
/home/edge-host/Documents/GitHub/Theoretically_Driven_LLM_Planning/.venv/lib/python3.13/site-packages/jsonschema_specifications/schemas/draft202012/vocabularies/format-annotation
/home/edge-host/Documents/GitHub/Theoretically_Driven_LLM_Planning/.venv/lib/python3.13/site-packages/jsonschema_specifications/schemas/draft202012/vocabularies/format-assertion
/home/edge-host/Documents/GitHub/Theoretically_Driven_LLM_Planning/.venv/lib/python3.13/site-packages/jsonschema_specifications/schemas/draft202012/vocabularies/meta-data
/home/edge-host/Documents/GitHub/Theoretically_Driven_LLM_Planning/.venv/lib/python3.13/site-packages/jsonschema_specifications/schemas/draft202012/vocabularies/unevaluated
/home/edge-host/Documents/GitHub/Theoretically_Driven_LLM_Planning/.venv/lib/python3.13/site-packages/jsonschema_specifications/schemas/draft202012/vocabularies/validation
/home/edge-host/Documents/GitHub/Theoretically_Driven_LLM_Planning/.venv/lib/python3.13/site-packages/jsonschema_specifications/schemas/draft3/metaschema.json
/home/edge-host/Documents/GitHub/Theoretically_Driven_LLM_Planning/.venv/lib/python3.13/site-packages/jsonschema_specifications/schemas/draft4/metaschema.json
/home/edge-host/Documents/GitHub/Theoretically_Driven_LLM_Planning/.venv/lib/python3.13/site-packages/jsonschema_specifications/schemas/draft6/metaschema.json
/home/edge-host/Documents/GitHub/Theoretically_Driven_LLM_Planning/.venv/lib/python3.13/site-packages/jsonschema_specifications/schemas/draft7/metaschema.json
/home/edge-host/Documents/GitHub/Theoretically_Driven_LLM_Planning/.venv/lib/python3.13/site-packages/mcp-1.29.1.dist-info/METADATA
/home/edge-host/Documents/GitHub/Theoretically_Driven_LLM_Planning/.venv/lib/python3.13/site-packages/mcp-1.29.1.dist-info/entry_points.txt
/home/edge-host/Documents/GitHub/Theoretically_Driven_LLM_Planning/.venv/lib/python3.13/site-packages/mcp/__pycache__/__init__.cpython-313.pyc
/home/edge-host/Documents/GitHub/Theoretically_Driven_LLM_Planning/.venv/lib/python3.13/site-packages/mcp/__pycache__/types.cpython-313.pyc
/home/edge-host/Documents/GitHub/Theoretically_Driven_LLM_Planning/.venv/lib/python3.13/site-packages/mcp/client/__pycache__/__init__.cpython-313.pyc
/home/edge-host/Documents/GitHub/Theoretically_Driven_LLM_Planning/.venv/lib/python3.13/site-packages/mcp/client/__pycache__/session.cpython-313.pyc
/home/edge-host/Documents/GitHub/Theoretically_Driven_LLM_Planning/.venv/lib/python3.13/site-packages/mcp/client/__pycache__/session_group.cpython-313.pyc
/home/edge-host/Documents/GitHub/Theoretically_Driven_LLM_Planning/.venv/lib/python3.13/site-packages/mcp/client/__pycache__/sse.cpython-313.pyc
/home/edge-host/Documents/GitHub/Theoretically_Driven_LLM_Planning/.venv/lib/python3.13/site-packages/mcp/client/__pycache__/streamable_http.cpython-313.pyc
/home/edge-host/Documents/GitHub/Theoretically_Driven_LLM_Planning/.venv/lib/python3.13/site-packages/mcp/client/experimental/__pycache__/__init__.cpython-313.pyc
/home/edge-host/Documents/GitHub/Theoretically_Driven_LLM_Planning/.venv/lib/python3.13/site-packages/mcp/client/experimental/__pycache__/task_handlers.cpython-313.pyc
/home/edge-host/Documents/GitHub/Theoretically_Driven_LLM_Planning/.venv/lib/python3.13/site-packages/mcp/client/experimental/__pycache__/tasks.cpython-313.pyc
/home/edge-host/Documents/GitHub/Theoretically_Driven_LLM_Planning/.venv/lib/python3.13/site-packages/mcp/client/stdio/__pycache__/__init__.cpython-313.pyc
/home/edge-host/Documents/GitHub/Theoretically_Driven_LLM_Planning/.venv/lib/python3.13/site-packages/mcp/os/__pycache__/__init__.cpython-313.pyc
/home/edge-host/Documents/GitHub/Theoretically_Driven_LLM_Planning/.venv/lib/python3.13/site-packages/mcp/os/posix/__pycache__/__init__.cpython-313.pyc
/home/edge-host/Documents/GitHub/Theoretically_Driven_LLM_Planning/.venv/lib/python3.13/site-packages/mcp/os/posix/__pycache__/utilities.cpython-313.pyc
/home/edge-host/Documents/GitHub/Theoretically_Driven_LLM_Planning/.venv/lib/python3.13/site-packages/mcp/os/win32/__pycache__/__init__.cpython-313.pyc
/home/edge-host/Documents/GitHub/Theoretically_Driven_LLM_Planning/.venv/lib/python3.13/site-packages/mcp/os/win32/__pycache__/utilities.cpython-313.pyc
/home/edge-host/Documents/GitHub/Theoretically_Driven_LLM_Planning/.venv/lib/python3.13/site-packages/mcp/server/__pycache__/__init__.cpython-313.pyc
/home/edge-host/Documents/GitHub/Theoretically_Driven_LLM_Planning/.venv/lib/python3.13/site-packages/mcp/server/__pycache__/elicitation.cpython-313.pyc
/home/edge-host/Documents/GitHub/Theoretically_Driven_LLM_Planning/.venv/lib/python3.13/site-packages/mcp/server/__pycache__/models.cpython-313.pyc
/home/edge-host/Documents/GitHub/Theoretically_Driven_LLM_Planning/.venv/lib/python3.13/site-packages/mcp/server/__pycache__/session.cpython-313.pyc
/home/edge-host/Documents/GitHub/Theoretically_Driven_LLM_Planning/.venv/lib/python3.13/site-packages/mcp/server/__pycache__/sse.cpython-313.pyc
/home/edge-host/Documents/GitHub/Theoretically_Driven_LLM_Planning/.venv/lib/python3.13/site-packages/mcp/server/__pycache__/stdio.cpython-313.pyc
/home/edge-host/Documents/GitHub/Theoretically_Driven_LLM_Planning/.venv/lib/python3.13/site-packages/mcp/server/__pycache__/streamable_http.cpython-313.pyc
/home/edge-host/Documents/GitHub/Theoretically_Driven_LLM_Planning/.venv/lib/python3.13/site-packages/mcp/server/__pycache__/streamable_http_manager.cpython-313.pyc
/home/edge-host/Documents/GitHub/Theoretically_Driven_LLM_Planning/.venv/lib/python3.13/site-packages/mcp/server/__pycache__/transport_security.cpython-313.pyc
/home/edge-host/Documents/GitHub/Theoretically_Driven_LLM_Planning/.venv/lib/python3.13/site-packages/mcp/server/__pycache__/validation.cpython-313.pyc
/home/edge-host/Documents/GitHub/Theoretically_Driven_LLM_Planning/.venv/lib/python3.13/site-packages/mcp/server/auth/__pycache__/__init__.cpython-313.pyc
/home/edge-host/Documents/GitHub/Theoretically_Driven_LLM_Planning/.venv/lib/python3.13/site-packages/mcp/server/auth/__pycache__/provider.cpython-313.pyc
/home/edge-host/Documents/GitHub/Theoretically_Driven_LLM_Planning/.venv/lib/python3.13/site-packages/mcp/server/auth/__pycache__/settings.cpython-313.pyc
/home/edge-host/Documents/GitHub/Theoretically_Driven_LLM_Planning/.venv/lib/python3.13/site-packages/mcp/server/auth/middleware/__pycache__/__init__.cpython-313.pyc
/home/edge-host/Documents/GitHub/Theoretically_Driven_LLM_Planning/.venv/lib/python3.13/site-packages/mcp/server/auth/middleware/__pycache__/auth_context.cpython-313.pyc
/home/edge-host/Documents/GitHub/Theoretically_Driven_LLM_Planning/.venv/lib/python3.13/site-packages/mcp/server/auth/middleware/__pycache__/bearer_auth.cpython-313.pyc
/home/edge-host/Documents/GitHub/Theoretically_Driven_LLM_Planning/.venv/lib/python3.13/site-packages/mcp/server/experimental/__pycache__/__init__.cpython-313.pyc
/home/edge-host/Documents/GitHub/Theoretically_Driven_LLM_Planning/.venv/lib/python3.13/site-packages/mcp/server/experimental/__pycache__/request_context.cpython-313.pyc
/home/edge-host/Documents/GitHub/Theoretically_Driven_LLM_Planning/.venv/lib/python3.13/site-packages/mcp/server/experimental/__pycache__/session_features.cpython-313.pyc
/home/edge-host/Documents/GitHub/Theoretically_Driven_LLM_Planning/.venv/lib/python3.13/site-packages/mcp/server/experimental/__pycache__/task_context.cpython-313.pyc
/home/edge-host/Documents/GitHub/Theoretically_Driven_LLM_Planning/.venv/lib/python3.13/site-packages/mcp/server/experimental/__pycache__/task_result_handler.cpython-313.pyc
/home/edge-host/Documents/GitHub/Theoretically_Driven_LLM_Planning/.venv/lib/python3.13/site-packages/mcp/server/experimental/__pycache__/task_scope.cpython-313.pyc
/home/edge-host/Documents/GitHub/Theoretically_Driven_LLM_Planning/.venv/lib/python3.13/site-packages/mcp/server/experimental/__pycache__/task_support.cpython-313.pyc
/home/edge-host/Documents/GitHub/Theoretically_Driven_LLM_Planning/.venv/lib/python3.13/site-packages/mcp/server/fastmcp/__pycache__/__init__.cpython-313.pyc
/home/edge-host/Documents/GitHub/Theoretically_Driven_LLM_Planning/.venv/lib/python3.13/site-packages/mcp/server/fastmcp/__pycache__/exceptions.cpython-313.pyc
/home/edge-host/Documents/GitHub/Theoretically_Driven_LLM_Planning/.venv/lib/python3.13/site-packages/mcp/server/fastmcp/__pycache__/server.cpython-313.pyc
/home/edge-host/Documents/GitHub/Theoretically_Driven_LLM_Planning/.venv/lib/python3.13/site-packages/mcp/server/fastmcp/prompts/__pycache__/__init__.cpython-313.pyc
/home/edge-host/Documents/GitHub/Theoretically_Driven_LLM_Planning/.venv/lib/python3.13/site-packages/mcp/server/fastmcp/prompts/__pycache__/base.cpython-313.pyc
/home/edge-host/Documents/GitHub/Theoretically_Driven_LLM_Planning/.venv/lib/python3.13/site-packages/mcp/server/fastmcp/prompts/__pycache__/manager.cpython-313.pyc
/home/edge-host/Documents/GitHub/Theoretically_Driven_LLM_Planning/.venv/lib/python3.13/site-packages/mcp/server/fastmcp/resources/__pycache__/__init__.cpython-313.pyc
/home/edge-host/Documents/GitHub/Theoretically_Driven_LLM_Planning/.venv/lib/python3.13/site-packages/mcp/server/fastmcp/resources/__pycache__/base.cpython-313.pyc
/home/edge-host/Documents/GitHub/Theoretically_Driven_LLM_Planning/.venv/lib/python3.13/site-packages/mcp/server/fastmcp/resources/__pycache__/resource_manager.cpython-313.pyc
/home/edge-host/Documents/GitHub/Theoretically_Driven_LLM_Planning/.venv/lib/python3.13/site-packages/mcp/server/fastmcp/resources/__pycache__/templates.cpython-313.pyc
/home/edge-host/Documents/GitHub/Theoretically_Driven_LLM_Planning/.venv/lib/python3.13/site-packages/mcp/server/fastmcp/resources/__pycache__/types.cpython-313.pyc
/home/edge-host/Documents/GitHub/Theoretically_Driven_LLM_Planning/.venv/lib/python3.13/site-packages/mcp/server/fastmcp/tools/__pycache__/__init__.cpython-313.pyc
/home/edge-host/Documents/GitHub/Theoretically_Driven_LLM_Planning/.venv/lib/python3.13/site-packages/mcp/server/fastmcp/tools/__pycache__/base.cpython-313.pyc
/home/edge-host/Documents/GitHub/Theoretically_Driven_LLM_Planning/.venv/lib/python3.13/site-packages/mcp/server/fastmcp/tools/__pycache__/tool_manager.cpython-313.pyc
/home/edge-host/Documents/GitHub/Theoretically_Driven_LLM_Planning/.venv/lib/python3.13/site-packages/mcp/server/fastmcp/utilities/__pycache__/__init__.cpython-313.pyc
/home/edge-host/Documents/GitHub/Theoretically_Driven_LLM_Planning/.venv/lib/python3.13/site-packages/mcp/server/fastmcp/utilities/__pycache__/context_injection.cpython-313.pyc
/home/edge-host/Documents/GitHub/Theoretically_Driven_LLM_Planning/.venv/lib/python3.13/site-packages/mcp/server/fastmcp/utilities/__pycache__/func_metadata.cpython-313.pyc
/home/edge-host/Documents/GitHub/Theoretically_Driven_LLM_Planning/.venv/lib/python3.13/site-packages/mcp/server/fastmcp/utilities/__pycache__/logging.cpython-313.pyc
/home/edge-host/Documents/GitHub/Theoretically_Driven_LLM_Planning/.venv/lib/python3.13/site-packages/mcp/server/fastmcp/utilities/__pycache__/types.cpython-313.pyc
/home/edge-host/Documents/GitHub/Theoretically_Driven_LLM_Planning/.venv/lib/python3.13/site-packages/mcp/server/lowlevel/__pycache__/__init__.cpython-313.pyc
/home/edge-host/Documents/GitHub/Theoretically_Driven_LLM_Planning/.venv/lib/python3.13/site-packages/mcp/server/lowlevel/__pycache__/experimental.cpython-313.pyc
/home/edge-host/Documents/GitHub/Theoretically_Driven_LLM_Planning/.venv/lib/python3.13/site-packages/mcp/server/lowlevel/__pycache__/func_inspection.cpython-313.pyc
/home/edge-host/Documents/GitHub/Theoretically_Driven_LLM_Planning/.venv/lib/python3.13/site-packages/mcp/server/lowlevel/__pycache__/helper_types.cpython-313.pyc
/home/edge-host/Documents/GitHub/Theoretically_Driven_LLM_Planning/.venv/lib/python3.13/site-packages/mcp/server/lowlevel/__pycache__/server.cpython-313.pyc
/home/edge-host/Documents/GitHub/Theoretically_Driven_LLM_Planning/.venv/lib/python3.13/site-packages/mcp/shared/__pycache__/__init__.cpython-313.pyc
/home/edge-host/Documents/GitHub/Theoretically_Driven_LLM_Planning/.venv/lib/python3.13/site-packages/mcp/shared/__pycache__/_httpx_utils.cpython-313.pyc
/home/edge-host/Documents/GitHub/Theoretically_Driven_LLM_Planning/.venv/lib/python3.13/site-packages/mcp/shared/__pycache__/auth.cpython-313.pyc
/home/edge-host/Documents/GitHub/Theoretically_Driven_LLM_Planning/.venv/lib/python3.13/site-packages/mcp/shared/__pycache__/context.cpython-313.pyc
/home/edge-host/Documents/GitHub/Theoretically_Driven_LLM_Planning/.venv/lib/python3.13/site-packages/mcp/shared/__pycache__/exceptions.cpython-313.pyc
/home/edge-host/Documents/GitHub/Theoretically_Driven_LLM_Planning/.venv/lib/python3.13/site-packages/mcp/shared/__pycache__/message.cpython-313.pyc
/home/edge-host/Documents/GitHub/Theoretically_Driven_LLM_Planning/.venv/lib/python3.13/site-packages/mcp/shared/__pycache__/response_router.cpython-313.pyc
/home/edge-host/Documents/GitHub/Theoretically_Driven_LLM_Planning/.venv/lib/python3.13/site-packages/mcp/shared/__pycache__/session.cpython-313.pyc
/home/edge-host/Documents/GitHub/Theoretically_Driven_LLM_Planning/.venv/lib/python3.13/site-packages/mcp/shared/__pycache__/tool_name_validation.cpython-313.pyc
/home/edge-host/Documents/GitHub/Theoretically_Driven_LLM_Planning/.venv/lib/python3.13/site-packages/mcp/shared/__pycache__/version.cpython-313.pyc
/home/edge-host/Documents/GitHub/Theoretically_Driven_LLM_Planning/.venv/lib/python3.13/site-packages/mcp/shared/experimental/__pycache__/__init__.cpython-313.pyc
/home/edge-host/Documents/GitHub/Theoretically_Driven_LLM_Planning/.venv/lib/python3.13/site-packages/mcp/shared/experimental/tasks/__pycache__/__init__.cpython-313.pyc
/home/edge-host/Documents/GitHub/Theoretically_Driven_LLM_Planning/.venv/lib/python3.13/site-packages/mcp/shared/experimental/tasks/__pycache__/capabilities.cpython-313.pyc
/home/edge-host/Documents/GitHub/Theoretically_Driven_LLM_Planning/.venv/lib/python3.13/site-packages/mcp/shared/experimental/tasks/__pycache__/context.cpython-313.pyc
/home/edge-host/Documents/GitHub/Theoretically_Driven_LLM_Planning/.venv/lib/python3.13/site-packages/mcp/shared/experimental/tasks/__pycache__/helpers.cpython-313.pyc
/home/edge-host/Documents/GitHub/Theoretically_Driven_LLM_Planning/.venv/lib/python3.13/site-packages/mcp/shared/experimental/tasks/__pycache__/in_memory_task_store.cpython-313.pyc
/home/edge-host/Documents/GitHub/Theoretically_Driven_LLM_Planning/.venv/lib/python3.13/site-packages/mcp/shared/experimental/tasks/__pycache__/message_queue.cpython-313.pyc
/home/edge-host/Documents/GitHub/Theoretically_Driven_LLM_Planning/.venv/lib/python3.13/site-packages/mcp/shared/experimental/tasks/__pycache__/polling.cpython-313.pyc
/home/edge-host/Documents/GitHub/Theoretically_Driven_LLM_Planning/.venv/lib/python3.13/site-packages/mcp/shared/experimental/tasks/__pycache__/resolver.cpython-313.pyc
/home/edge-host/Documents/GitHub/Theoretically_Driven_LLM_Planning/.venv/lib/python3.13/site-packages/mcp/shared/experimental/tasks/__pycache__/store.cpython-313.pyc
/home/edge-host/Documents/GitHub/Theoretically_Driven_LLM_Planning/.venv/lib/python3.13/site-packages/packaging-26.3.dist-info/entry_points.txt
/home/edge-host/Documents/GitHub/Theoretically_Driven_LLM_Planning/.venv/lib/python3.13/site-packages/pluggy-1.6.0.dist-info/entry_points.txt
/home/edge-host/Documents/GitHub/Theoretically_Driven_LLM_Planning/.venv/lib/python3.13/site-packages/pluggy/__pycache__/__init__.cpython-313.pyc
/home/edge-host/Documents/GitHub/Theoretically_Driven_LLM_Planning/.venv/lib/python3.13/site-packages/pluggy/__pycache__/_callers.cpython-313.pyc
/home/edge-host/Documents/GitHub/Theoretically_Driven_LLM_Planning/.venv/lib/python3.13/site-packages/pluggy/__pycache__/_hooks.cpython-313.pyc
/home/edge-host/Documents/GitHub/Theoretically_Driven_LLM_Planning/.venv/lib/python3.13/site-packages/pluggy/__pycache__/_manager.cpython-313.pyc
/home/edge-host/Documents/GitHub/Theoretically_Driven_LLM_Planning/.venv/lib/python3.13/site-packages/pluggy/__pycache__/_result.cpython-313.pyc
/home/edge-host/Documents/GitHub/Theoretically_Driven_LLM_Planning/.venv/lib/python3.13/site-packages/pluggy/__pycache__/_tracing.cpython-313.pyc
/home/edge-host/Documents/GitHub/Theoretically_Driven_LLM_Planning/.venv/lib/python3.13/site-packages/pluggy/__pycache__/_version.cpython-313.pyc
/home/edge-host/Documents/GitHub/Theoretically_Driven_LLM_Planning/.venv/lib/python3.13/site-packages/pluggy/__pycache__/_warnings.cpython-313.pyc
/home/edge-host/Documents/GitHub/Theoretically_Driven_LLM_Planning/.venv/lib/python3.13/site-packages/pycparser-3.0.dist-info/entry_points.txt
/home/edge-host/Documents/GitHub/Theoretically_Driven_LLM_Planning/.venv/lib/python3.13/site-packages/pydantic-2.13.5.dist-info/entry_points.txt
/home/edge-host/Documents/GitHub/Theoretically_Driven_LLM_Planning/.venv/lib/python3.13/site-packages/pydantic/__pycache__/__init__.cpython-313.pyc
/home/edge-host/Documents/GitHub/Theoretically_Driven_LLM_Planning/.venv/lib/python3.13/site-packages/pydantic/__pycache__/_migration.cpython-313.pyc
/home/edge-host/Documents/GitHub/Theoretically_Driven_LLM_Planning/.venv/lib/python3.13/site-packages/pydantic/__pycache__/alias_generators.cpython-313.pyc
/home/edge-host/Documents/GitHub/Theoretically_Driven_LLM_Planning/.venv/lib/python3.13/site-packages/pydantic/__pycache__/aliases.cpython-313.pyc
/home/edge-host/Documents/GitHub/Theoretically_Driven_LLM_Planning/.venv/lib/python3.13/site-packages/pydantic/__pycache__/annotated_handlers.cpython-313.pyc
/home/edge-host/Documents/GitHub/Theoretically_Driven_LLM_Planning/.venv/lib/python3.13/site-packages/pydantic/__pycache__/config.cpython-313.pyc
/home/edge-host/Documents/GitHub/Theoretically_Driven_LLM_Planning/.venv/lib/python3.13/site-packages/pydantic/__pycache__/dataclasses.cpython-313.pyc
/home/edge-host/Documents/GitHub/Theoretically_Driven_LLM_Planning/.venv/lib/python3.13/site-packages/pydantic/__pycache__/errors.cpython-313.pyc
/home/edge-host/Documents/GitHub/Theoretically_Driven_LLM_Planning/.venv/lib/python3.13/site-packages/pydantic/__pycache__/fields.cpython-313.pyc
/home/edge-host/Documents/GitHub/Theoretically_Driven_LLM_Planning/.venv/lib/python3.13/site-packages/pydantic/__pycache__/functional_validators.cpython-313.pyc
/home/edge-host/Documents/GitHub/Theoretically_Driven_LLM_Planning/.venv/lib/python3.13/site-packages/pydantic/__pycache__/json_schema.cpython-313.pyc
/home/edge-host/Documents/GitHub/Theoretically_Driven_LLM_Planning/.venv/lib/python3.13/site-packages/pydantic/__pycache__/main.cpython-313.pyc
/home/edge-host/Documents/GitHub/Theoretically_Driven_LLM_Planning/.venv/lib/python3.13/site-packages/pydantic/__pycache__/networks.cpython-313.pyc
/home/edge-host/Documents/GitHub/Theoretically_Driven_LLM_Planning/.venv/lib/python3.13/site-packages/pydantic/__pycache__/root_model.cpython-313.pyc
/home/edge-host/Documents/GitHub/Theoretically_Driven_LLM_Planning/.venv/lib/python3.13/site-packages/pydantic/__pycache__/type_adapter.cpython-313.pyc
/home/edge-host/Documents/GitHub/Theoretically_Driven_LLM_Planning/.venv/lib/python3.13/site-packages/pydantic/__pycache__/types.cpython-313.pyc
/home/edge-host/Documents/GitHub/Theoretically_Driven_LLM_Planning/.venv/lib/python3.13/site-packages/pydantic/__pycache__/validate_call_decorator.cpython-313.pyc
/home/edge-host/Documents/GitHub/Theoretically_Driven_LLM_Planning/.venv/lib/python3.13/site-packages/pydantic/__pycache__/version.cpython-313.pyc
/home/edge-host/Documents/GitHub/Theoretically_Driven_LLM_Planning/.venv/lib/python3.13/site-packages/pydantic/__pycache__/warnings.cpython-313.pyc
/home/edge-host/Documents/GitHub/Theoretically_Driven_LLM_Planning/.venv/lib/python3.13/site-packages/pydantic/_internal/__pycache__/__init__.cpython-313.pyc
/home/edge-host/Documents/GitHub/Theoretically_Driven_LLM_Planning/.venv/lib/python3.13/site-packages/pydantic/_internal/__pycache__/_config.cpython-313.pyc
/home/edge-host/Documents/GitHub/Theoretically_Driven_LLM_Planning/.venv/lib/python3.13/site-packages/pydantic/_internal/__pycache__/_core_metadata.cpython-313.pyc
/home/edge-host/Documents/GitHub/Theoretically_Driven_LLM_Planning/.venv/lib/python3.13/site-packages/pydantic/_internal/__pycache__/_core_utils.cpython-313.pyc
/home/edge-host/Documents/GitHub/Theoretically_Driven_LLM_Planning/.venv/lib/python3.13/site-packages/pydantic/_internal/__pycache__/_dataclasses.cpython-313.pyc
/home/edge-host/Documents/GitHub/Theoretically_Driven_LLM_Planning/.venv/lib/python3.13/site-packages/pydantic/_internal/__pycache__/_decorators.cpython-313.pyc
/home/edge-host/Documents/GitHub/Theoretically_Driven_LLM_Planning/.venv/lib/python3.13/site-packages/pydantic/_internal/__pycache__/_discriminated_union.cpython-313.pyc
/home/edge-host/Documents/GitHub/Theoretically_Driven_LLM_Planning/.venv/lib/python3.13/site-packages/pydantic/_internal/__pycache__/_docs_extraction.cpython-313.pyc
/home/edge-host/Documents/GitHub/Theoretically_Driven_LLM_Planning/.venv/lib/python3.13/site-packages/pydantic/_internal/__pycache__/_fields.cpython-313.pyc
/home/edge-host/Documents/GitHub/Theoretically_Driven_LLM_Planning/.venv/lib/python3.13/site-packages/pydantic/_internal/__pycache__/_forward_ref.cpython-313.pyc
/home/edge-host/Documents/GitHub/Theoretically_Driven_LLM_Planning/.venv/lib/python3.13/site-packages/pydantic/_internal/__pycache__/_generate_schema.cpython-313.pyc
/home/edge-host/Documents/GitHub/Theoretically_Driven_LLM_Planning/.venv/lib/python3.13/site-packages/pydantic/_internal/__pycache__/_generics.cpython-313.pyc
/home/edge-host/Documents/GitHub/Theoretically_Driven_LLM_Planning/.venv/lib/python3.13/site-packages/pydantic/_internal/__pycache__/_import_utils.cpython-313.pyc
/home/edge-host/Documents/GitHub/Theoretically_Driven_LLM_Planning/.venv/lib/python3.13/site-packages/pydantic/_internal/__pycache__/_internal_dataclass.cpython-313.pyc
/home/edge-host/Documents/GitHub/Theoretically_Driven_LLM_Planning/.venv/lib/python3.13/site-packages/pydantic/_internal/__pycache__/_known_annotated_metadata.cpython-313.pyc
/home/edge-host/Documents/GitHub/Theoretically_Driven_LLM_Planning/.venv/lib/python3.13/site-packages/pydantic/_internal/__pycache__/_mock_val_ser.cpython-313.pyc
/home/edge-host/Documents/GitHub/Theoretically_Driven_LLM_Planning/.venv/lib/python3.13/site-packages/pydantic/_internal/__pycache__/_model_construction.cpython-313.pyc
/home/edge-host/Documents/GitHub/Theoretically_Driven_LLM_Planning/.venv/lib/python3.13/site-packages/pydantic/_internal/__pycache__/_namespace_utils.cpython-313.pyc
/home/edge-host/Documents/GitHub/Theoretically_Driven_LLM_Planning/.venv/lib/python3.13/site-packages/pydantic/_internal/__pycache__/_repr.cpython-313.pyc
/home/edge-host/Documents/GitHub/Theoretically_Driven_LLM_Planning/.venv/lib/python3.13/site-packages/pydantic/_internal/__pycache__/_schema_gather.cpython-313.pyc
/home/edge-host/Documents/GitHub/Theoretically_Driven_LLM_Planning/.venv/lib/python3.13/site-packages/pydantic/_internal/__pycache__/_schema_generation_shared.cpython-313.pyc
/home/edge-host/Documents/GitHub/Theoretically_Driven_LLM_Planning/.venv/lib/python3.13/site-packages/pydantic/_internal/__pycache__/_signature.cpython-313.pyc
/home/edge-host/Documents/GitHub/Theoretically_Driven_LLM_Planning/.venv/lib/python3.13/site-packages/pydantic/_internal/__pycache__/_typing_extra.cpython-313.pyc
/home/edge-host/Documents/GitHub/Theoretically_Driven_LLM_Planning/.venv/lib/python3.13/site-packages/pydantic/_internal/__pycache__/_utils.cpython-313.pyc
/home/edge-host/Documents/GitHub/Theoretically_Driven_LLM_Planning/.venv/lib/python3.13/site-packages/pydantic/_internal/__pycache__/_validate_call.cpython-313.pyc
/home/edge-host/Documents/GitHub/Theoretically_Driven_LLM_Planning/.venv/lib/python3.13/site-packages/pydantic/_internal/__pycache__/_validators.cpython-313.pyc
/home/edge-host/Documents/GitHub/Theoretically_Driven_LLM_Planning/.venv/lib/python3.13/site-packages/pydantic/plugin/__pycache__/__init__.cpython-313.pyc
/home/edge-host/Documents/GitHub/Theoretically_Driven_LLM_Planning/.venv/lib/python3.13/site-packages/pydantic/plugin/__pycache__/_loader.cpython-313.pyc
/home/edge-host/Documents/GitHub/Theoretically_Driven_LLM_Planning/.venv/lib/python3.13/site-packages/pydantic/plugin/__pycache__/_schema_validator.cpython-313.pyc
/home/edge-host/Documents/GitHub/Theoretically_Driven_LLM_Planning/.venv/lib/python3.13/site-packages/pydantic_core-2.46.5.dist-info/entry_points.txt
/home/edge-host/Documents/GitHub/Theoretically_Driven_LLM_Planning/.venv/lib/python3.13/site-packages/pydantic_core/__pycache__/__init__.cpython-313.pyc
/home/edge-host/Documents/GitHub/Theoretically_Driven_LLM_Planning/.venv/lib/python3.13/site-packages/pydantic_core/__pycache__/core_schema.cpython-313.pyc
/home/edge-host/Documents/GitHub/Theoretically_Driven_LLM_Planning/.venv/lib/python3.13/site-packages/pydantic_settings-2.15.0.dist-info/entry_points.txt
/home/edge-host/Documents/GitHub/Theoretically_Driven_LLM_Planning/.venv/lib/python3.13/site-packages/pydantic_settings/__pycache__/__init__.cpython-313.pyc
/home/edge-host/Documents/GitHub/Theoretically_Driven_LLM_Planning/.venv/lib/python3.13/site-packages/pydantic_settings/__pycache__/exceptions.cpython-313.pyc
/home/edge-host/Documents/GitHub/Theoretically_Driven_LLM_Planning/.venv/lib/python3.13/site-packages/pydantic_settings/__pycache__/main.cpython-313.pyc
/home/edge-host/Documents/GitHub/Theoretically_Driven_LLM_Planning/.venv/lib/python3.13/site-packages/pydantic_settings/__pycache__/utils.cpython-313.pyc
/home/edge-host/Documents/GitHub/Theoretically_Driven_LLM_Planning/.venv/lib/python3.13/site-packages/pydantic_settings/__pycache__/version.cpython-313.pyc
/home/edge-host/Documents/GitHub/Theoretically_Driven_LLM_Planning/.venv/lib/python3.13/site-packages/pydantic_settings/sources/__pycache__/__init__.cpython-313.pyc
/home/edge-host/Documents/GitHub/Theoretically_Driven_LLM_Planning/.venv/lib/python3.13/site-packages/pydantic_settings/sources/__pycache__/base.cpython-313.pyc
/home/edge-host/Documents/GitHub/Theoretically_Driven_LLM_Planning/.venv/lib/python3.13/site-packages/pydantic_settings/sources/__pycache__/types.cpython-313.pyc
/home/edge-host/Documents/GitHub/Theoretically_Driven_LLM_Planning/.venv/lib/python3.13/site-packages/pydantic_settings/sources/__pycache__/utils.cpython-313.pyc
/home/edge-host/Documents/GitHub/Theoretically_Driven_LLM_Planning/.venv/lib/python3.13/site-packages/pydantic_settings/sources/providers/__pycache__/__init__.cpython-313.pyc
/home/edge-host/Documents/GitHub/Theoretically_Driven_LLM_Planning/.venv/lib/python3.13/site-packages/pydantic_settings/sources/providers/__pycache__/aws.cpython-313.pyc
/home/edge-host/Documents/GitHub/Theoretically_Driven_LLM_Planning/.venv/lib/python3.13/site-packages/pydantic_settings/sources/providers/__pycache__/azure.cpython-313.pyc
/home/edge-host/Documents/GitHub/Theoretically_Driven_LLM_Planning/.venv/lib/python3.13/site-packages/pydantic_settings/sources/providers/__pycache__/cli.cpython-313.pyc
/home/edge-host/Documents/GitHub/Theoretically_Driven_LLM_Planning/.venv/lib/python3.13/site-packages/pydantic_settings/sources/providers/__pycache__/dotenv.cpython-313.pyc
/home/edge-host/Documents/GitHub/Theoretically_Driven_LLM_Planning/.venv/lib/python3.13/site-packages/pydantic_settings/sources/providers/__pycache__/env.cpython-313.pyc
/home/edge-host/Documents/GitHub/Theoretically_Driven_LLM_Planning/.venv/lib/python3.13/site-packages/pydantic_settings/sources/providers/__pycache__/gcp.cpython-313.pyc
/home/edge-host/Documents/GitHub/Theoretically_Driven_LLM_Planning/.venv/lib/python3.13/site-packages/pydantic_settings/sources/providers/__pycache__/json.cpython-313.pyc
/home/edge-host/Documents/GitHub/Theoretically_Driven_LLM_Planning/.venv/lib/python3.13/site-packages/pydantic_settings/sources/providers/__pycache__/nested_secrets.cpython-313.pyc
/home/edge-host/Documents/GitHub/Theoretically_Driven_LLM_Planning/.venv/lib/python3.13/site-packages/pydantic_settings/sources/providers/__pycache__/pyproject.cpython-313.pyc
/home/edge-host/Documents/GitHub/Theoretically_Driven_LLM_Planning/.venv/lib/python3.13/site-packages/pydantic_settings/sources/providers/__pycache__/secrets.cpython-313.pyc
/home/edge-host/Documents/GitHub/Theoretically_Driven_LLM_Planning/.venv/lib/python3.13/site-packages/pydantic_settings/sources/providers/__pycache__/toml.cpython-313.pyc
/home/edge-host/Documents/GitHub/Theoretically_Driven_LLM_Planning/.venv/lib/python3.13/site-packages/pydantic_settings/sources/providers/__pycache__/yaml.cpython-313.pyc
/home/edge-host/Documents/GitHub/Theoretically_Driven_LLM_Planning/.venv/lib/python3.13/site-packages/pygments-2.21.0.dist-info/entry_points.txt
/home/edge-host/Documents/GitHub/Theoretically_Driven_LLM_Planning/.venv/lib/python3.13/site-packages/pygments/__pycache__/__init__.cpython-313.pyc
/home/edge-host/Documents/GitHub/Theoretically_Driven_LLM_Planning/.venv/lib/python3.13/site-packages/pygments/__pycache__/console.cpython-313.pyc
/home/edge-host/Documents/GitHub/Theoretically_Driven_LLM_Planning/.venv/lib/python3.13/site-packages/pygments/__pycache__/filter.cpython-313.pyc
/home/edge-host/Documents/GitHub/Theoretically_Driven_LLM_Planning/.venv/lib/python3.13/site-packages/pygments/__pycache__/formatter.cpython-313.pyc
/home/edge-host/Documents/GitHub/Theoretically_Driven_LLM_Planning/.venv/lib/python3.13/site-packages/pygments/__pycache__/lexer.cpython-313.pyc
/home/edge-host/Documents/GitHub/Theoretically_Driven_LLM_Planning/.venv/lib/python3.13/site-packages/pygments/__pycache__/modeline.cpython-313.pyc
/home/edge-host/Documents/GitHub/Theoretically_Driven_LLM_Planning/.venv/lib/python3.13/site-packages/pygments/__pycache__/plugin.cpython-313.pyc
/home/edge-host/Documents/GitHub/Theoretically_Driven_LLM_Planning/.venv/lib/python3.13/site-packages/pygments/__pycache__/regexopt.cpython-313.pyc
/home/edge-host/Documents/GitHub/Theoretically_Driven_LLM_Planning/.venv/lib/python3.13/site-packages/pygments/__pycache__/token.cpython-313.pyc
/home/edge-host/Documents/GitHub/Theoretically_Driven_LLM_Planning/.venv/lib/python3.13/site-packages/pygments/__pycache__/unistring.cpython-313.pyc
/home/edge-host/Documents/GitHub/Theoretically_Driven_LLM_Planning/.venv/lib/python3.13/site-packages/pygments/__pycache__/util.cpython-313.pyc
/home/edge-host/Documents/GitHub/Theoretically_Driven_LLM_Planning/.venv/lib/python3.13/site-packages/pygments/filters/__pycache__/__init__.cpython-313.pyc
/home/edge-host/Documents/GitHub/Theoretically_Driven_LLM_Planning/.venv/lib/python3.13/site-packages/pygments/formatters/__pycache__/__init__.cpython-313.pyc
/home/edge-host/Documents/GitHub/Theoretically_Driven_LLM_Planning/.venv/lib/python3.13/site-packages/pygments/formatters/__pycache__/_mapping.cpython-313.pyc
/home/edge-host/Documents/GitHub/Theoretically_Driven_LLM_Planning/.venv/lib/python3.13/site-packages/pygments/formatters/__pycache__/terminal.cpython-313.pyc
/home/edge-host/Documents/GitHub/Theoretically_Driven_LLM_Planning/.venv/lib/python3.13/site-packages/pygments/lexers/__pycache__/__init__.cpython-313.pyc
/home/edge-host/Documents/GitHub/Theoretically_Driven_LLM_Planning/.venv/lib/python3.13/site-packages/pygments/lexers/__pycache__/_mapping.cpython-313.pyc
/home/edge-host/Documents/GitHub/Theoretically_Driven_LLM_Planning/.venv/lib/python3.13/site-packages/pygments/lexers/__pycache__/diff.cpython-313.pyc
/home/edge-host/Documents/GitHub/Theoretically_Driven_LLM_Planning/.venv/lib/python3.13/site-packages/pygments/lexers/__pycache__/python.cpython-313.pyc
/home/edge-host/Documents/GitHub/Theoretically_Driven_LLM_Planning/.venv/lib/python3.13/site-packages/pygments/styles/__pycache__/__init__.cpython-313.pyc
/home/edge-host/Documents/GitHub/Theoretically_Driven_LLM_Planning/.venv/lib/python3.13/site-packages/pygments/styles/__pycache__/_mapping.cpython-313.pyc
/home/edge-host/Documents/GitHub/Theoretically_Driven_LLM_Planning/.venv/lib/python3.13/site-packages/pyjwt-2.13.0.dist-info/entry_points.txt
/home/edge-host/Documents/GitHub/Theoretically_Driven_LLM_Planning/.venv/lib/python3.13/site-packages/pytest-9.1.1.dist-info/entry_points.txt
/home/edge-host/Documents/GitHub/Theoretically_Driven_LLM_Planning/.venv/lib/python3.13/site-packages/pytest/__pycache__/__init__.cpython-313.pyc
/home/edge-host/Documents/GitHub/Theoretically_Driven_LLM_Planning/.venv/lib/python3.13/site-packages/pytest/__pycache__/__main__.cpython-313.pyc
/home/edge-host/Documents/GitHub/Theoretically_Driven_LLM_Planning/.venv/lib/python3.13/site-packages/python_dotenv-1.2.3.dist-info/entry_points.txt
/home/edge-host/Documents/GitHub/Theoretically_Driven_LLM_Planning/.venv/lib/python3.13/site-packages/python_multipart-0.0.32.dist-info/entry_points.txt
/home/edge-host/Documents/GitHub/Theoretically_Driven_LLM_Planning/.venv/lib/python3.13/site-packages/python_multipart/__pycache__/__init__.cpython-313.pyc
/home/edge-host/Documents/GitHub/Theoretically_Driven_LLM_Planning/.venv/lib/python3.13/site-packages/python_multipart/__pycache__/decoders.cpython-313.pyc
/home/edge-host/Documents/GitHub/Theoretically_Driven_LLM_Planning/.venv/lib/python3.13/site-packages/python_multipart/__pycache__/exceptions.cpython-313.pyc
/home/edge-host/Documents/GitHub/Theoretically_Driven_LLM_Planning/.venv/lib/python3.13/site-packages/python_multipart/__pycache__/multipart.cpython-313.pyc
/home/edge-host/Documents/GitHub/Theoretically_Driven_LLM_Planning/.venv/lib/python3.13/site-packages/pyyaml-6.0.3.dist-info/entry_points.txt
/home/edge-host/Documents/GitHub/Theoretically_Driven_LLM_Planning/.venv/lib/python3.13/site-packages/referencing-0.37.0.dist-info/entry_points.txt
/home/edge-host/Documents/GitHub/Theoretically_Driven_LLM_Planning/.venv/lib/python3.13/site-packages/referencing/__pycache__/__init__.cpython-313.pyc
/home/edge-host/Documents/GitHub/Theoretically_Driven_LLM_Planning/.venv/lib/python3.13/site-packages/referencing/__pycache__/_attrs.cpython-313.pyc
/home/edge-host/Documents/GitHub/Theoretically_Driven_LLM_Planning/.venv/lib/python3.13/site-packages/referencing/__pycache__/_core.cpython-313.pyc
/home/edge-host/Documents/GitHub/Theoretically_Driven_LLM_Planning/.venv/lib/python3.13/site-packages/referencing/__pycache__/exceptions.cpython-313.pyc
/home/edge-host/Documents/GitHub/Theoretically_Driven_LLM_Planning/.venv/lib/python3.13/site-packages/referencing/__pycache__/jsonschema.cpython-313.pyc
/home/edge-host/Documents/GitHub/Theoretically_Driven_LLM_Planning/.venv/lib/python3.13/site-packages/referencing/__pycache__/typing.cpython-313.pyc
/home/edge-host/Documents/GitHub/Theoretically_Driven_LLM_Planning/.venv/lib/python3.13/site-packages/rpds/__pycache__/__init__.cpython-313.pyc
/home/edge-host/Documents/GitHub/Theoretically_Driven_LLM_Planning/.venv/lib/python3.13/site-packages/rpds_py-2026.6.3.dist-info/entry_points.txt
/home/edge-host/Documents/GitHub/Theoretically_Driven_LLM_Planning/.venv/lib/python3.13/site-packages/sse_starlette-3.4.8.dist-info/entry_points.txt
/home/edge-host/Documents/GitHub/Theoretically_Driven_LLM_Planning/.venv/lib/python3.13/site-packages/sse_starlette/__pycache__/__init__.cpython-313.pyc
/home/edge-host/Documents/GitHub/Theoretically_Driven_LLM_Planning/.venv/lib/python3.13/site-packages/sse_starlette/__pycache__/_utils.cpython-313.pyc
/home/edge-host/Documents/GitHub/Theoretically_Driven_LLM_Planning/.venv/lib/python3.13/site-packages/sse_starlette/__pycache__/event.cpython-313.pyc
/home/edge-host/Documents/GitHub/Theoretically_Driven_LLM_Planning/.venv/lib/python3.13/site-packages/sse_starlette/__pycache__/sse.cpython-313.pyc
/home/edge-host/Documents/GitHub/Theoretically_Driven_LLM_Planning/.venv/lib/python3.13/site-packages/starlette-1.6.0.dist-info/entry_points.txt
/home/edge-host/Documents/GitHub/Theoretically_Driven_LLM_Planning/.venv/lib/python3.13/site-packages/starlette/__pycache__/__init__.cpython-313.pyc
/home/edge-host/Documents/GitHub/Theoretically_Driven_LLM_Planning/.venv/lib/python3.13/site-packages/starlette/__pycache__/_exception_handler.cpython-313.pyc
/home/edge-host/Documents/GitHub/Theoretically_Driven_LLM_Planning/.venv/lib/python3.13/site-packages/starlette/__pycache__/_utils.cpython-313.pyc
/home/edge-host/Documents/GitHub/Theoretically_Driven_LLM_Planning/.venv/lib/python3.13/site-packages/starlette/__pycache__/applications.cpython-313.pyc
/home/edge-host/Documents/GitHub/Theoretically_Driven_LLM_Planning/.venv/lib/python3.13/site-packages/starlette/__pycache__/authentication.cpython-313.pyc
/home/edge-host/Documents/GitHub/Theoretically_Driven_LLM_Planning/.venv/lib/python3.13/site-packages/starlette/__pycache__/background.cpython-313.pyc
/home/edge-host/Documents/GitHub/Theoretically_Driven_LLM_Planning/.venv/lib/python3.13/site-packages/starlette/__pycache__/concurrency.cpython-313.pyc
/home/edge-host/Documents/GitHub/Theoretically_Driven_LLM_Planning/.venv/lib/python3.13/site-packages/starlette/__pycache__/convertors.cpython-313.pyc
/home/edge-host/Documents/GitHub/Theoretically_Driven_LLM_Planning/.venv/lib/python3.13/site-packages/starlette/__pycache__/datastructures.cpython-313.pyc
/home/edge-host/Documents/GitHub/Theoretically_Driven_LLM_Planning/.venv/lib/python3.13/site-packages/starlette/__pycache__/exceptions.cpython-313.pyc
/home/edge-host/Documents/GitHub/Theoretically_Driven_LLM_Planning/.venv/lib/python3.13/site-packages/starlette/__pycache__/formparsers.cpython-313.pyc
/home/edge-host/Documents/GitHub/Theoretically_Driven_LLM_Planning/.venv/lib/python3.13/site-packages/starlette/__pycache__/requests.cpython-313.pyc
/home/edge-host/Documents/GitHub/Theoretically_Driven_LLM_Planning/.venv/lib/python3.13/site-packages/starlette/__pycache__/responses.cpython-313.pyc
/home/edge-host/Documents/GitHub/Theoretically_Driven_LLM_Planning/.venv/lib/python3.13/site-packages/starlette/__pycache__/routing.cpython-313.pyc
/home/edge-host/Documents/GitHub/Theoretically_Driven_LLM_Planning/.venv/lib/python3.13/site-packages/starlette/__pycache__/types.cpython-313.pyc
/home/edge-host/Documents/GitHub/Theoretically_Driven_LLM_Planning/.venv/lib/python3.13/site-packages/starlette/__pycache__/websockets.cpython-313.pyc
/home/edge-host/Documents/GitHub/Theoretically_Driven_LLM_Planning/.venv/lib/python3.13/site-packages/starlette/middleware/__pycache__/__init__.cpython-313.pyc
/home/edge-host/Documents/GitHub/Theoretically_Driven_LLM_Planning/.venv/lib/python3.13/site-packages/starlette/middleware/__pycache__/authentication.cpython-313.pyc
/home/edge-host/Documents/GitHub/Theoretically_Driven_LLM_Planning/.venv/lib/python3.13/site-packages/starlette/middleware/__pycache__/body_limit.cpython-313.pyc
/home/edge-host/Documents/GitHub/Theoretically_Driven_LLM_Planning/.venv/lib/python3.13/site-packages/starlette/middleware/__pycache__/errors.cpython-313.pyc
/home/edge-host/Documents/GitHub/Theoretically_Driven_LLM_Planning/.venv/lib/python3.13/site-packages/starlette/middleware/__pycache__/exceptions.cpython-313.pyc
/home/edge-host/Documents/GitHub/Theoretically_Driven_LLM_Planning/.venv/lib/python3.13/site-packages/typing_extensions-4.16.0.dist-info/entry_points.txt
/home/edge-host/Documents/GitHub/Theoretically_Driven_LLM_Planning/.venv/lib/python3.13/site-packages/typing_inspection-0.4.4.dist-info/entry_points.txt
/home/edge-host/Documents/GitHub/Theoretically_Driven_LLM_Planning/.venv/lib/python3.13/site-packages/typing_inspection/__pycache__/__init__.cpython-313.pyc
/home/edge-host/Documents/GitHub/Theoretically_Driven_LLM_Planning/.venv/lib/python3.13/site-packages/typing_inspection/__pycache__/introspection.cpython-313.pyc
/home/edge-host/Documents/GitHub/Theoretically_Driven_LLM_Planning/.venv/lib/python3.13/site-packages/typing_inspection/__pycache__/typing_objects.cpython-313.pyc
/home/edge-host/Documents/GitHub/Theoretically_Driven_LLM_Planning/.venv/lib/python3.13/site-packages/uvicorn-0.52.4.dist-info/entry_points.txt
/home/edge-host/Documents/GitHub/Theoretically_Driven_LLM_Planning/.venv/lib/python3.13/site-packages/uvicorn/__pycache__/__init__.cpython-313.pyc
/home/edge-host/Documents/GitHub/Theoretically_Driven_LLM_Planning/.venv/lib/python3.13/site-packages/uvicorn/__pycache__/_ansi.cpython-313.pyc
/home/edge-host/Documents/GitHub/Theoretically_Driven_LLM_Planning/.venv/lib/python3.13/site-packages/uvicorn/__pycache__/_compat.cpython-313.pyc
/home/edge-host/Documents/GitHub/Theoretically_Driven_LLM_Planning/.venv/lib/python3.13/site-packages/uvicorn/__pycache__/_subprocess.cpython-313.pyc
/home/edge-host/Documents/GitHub/Theoretically_Driven_LLM_Planning/.venv/lib/python3.13/site-packages/uvicorn/__pycache__/_types.cpython-313.pyc
/home/edge-host/Documents/GitHub/Theoretically_Driven_LLM_Planning/.venv/lib/python3.13/site-packages/uvicorn/__pycache__/config.cpython-313.pyc
/home/edge-host/Documents/GitHub/Theoretically_Driven_LLM_Planning/.venv/lib/python3.13/site-packages/uvicorn/__pycache__/importer.cpython-313.pyc
/home/edge-host/Documents/GitHub/Theoretically_Driven_LLM_Planning/.venv/lib/python3.13/site-packages/uvicorn/__pycache__/logging.cpython-313.pyc
/home/edge-host/Documents/GitHub/Theoretically_Driven_LLM_Planning/.venv/lib/python3.13/site-packages/uvicorn/__pycache__/main.cpython-313.pyc
/home/edge-host/Documents/GitHub/Theoretically_Driven_LLM_Planning/.venv/lib/python3.13/site-packages/uvicorn/__pycache__/server.cpython-313.pyc
/home/edge-host/Documents/GitHub/Theoretically_Driven_LLM_Planning/.venv/lib/python3.13/site-packages/uvicorn/middleware/__pycache__/__init__.cpython-313.pyc
/home/edge-host/Documents/GitHub/Theoretically_Driven_LLM_Planning/.venv/lib/python3.13/site-packages/uvicorn/middleware/__pycache__/asgi2.cpython-313.pyc
/home/edge-host/Documents/GitHub/Theoretically_Driven_LLM_Planning/.venv/lib/python3.13/site-packages/uvicorn/middleware/__pycache__/message_logger.cpython-313.pyc
/home/edge-host/Documents/GitHub/Theoretically_Driven_LLM_Planning/.venv/lib/python3.13/site-packages/uvicorn/middleware/__pycache__/proxy_headers.cpython-313.pyc
/home/edge-host/Documents/GitHub/Theoretically_Driven_LLM_Planning/.venv/lib/python3.13/site-packages/uvicorn/middleware/__pycache__/wsgi.cpython-313.pyc
/home/edge-host/Documents/GitHub/Theoretically_Driven_LLM_Planning/.venv/lib/python3.13/site-packages/uvicorn/supervisors/__pycache__/__init__.cpython-313.pyc
/home/edge-host/Documents/GitHub/Theoretically_Driven_LLM_Planning/.venv/lib/python3.13/site-packages/uvicorn/supervisors/__pycache__/basereload.cpython-313.pyc
/home/edge-host/Documents/GitHub/Theoretically_Driven_LLM_Planning/.venv/lib/python3.13/site-packages/uvicorn/supervisors/__pycache__/multiprocess.cpython-313.pyc
/home/edge-host/Documents/GitHub/Theoretically_Driven_LLM_Planning/.venv/lib/python3.13/site-packages/uvicorn/supervisors/__pycache__/statreload.cpython-313.pyc
/home/edge-host/Documents/GitHub/Theoretically_Driven_LLM_Planning/.venv/lib/python3.13/site-packages/uvicorn/supervisors/__pycache__/watchfilesreload.cpython-313.pyc
/home/edge-host/Documents/GitHub/Theoretically_Driven_LLM_Planning/.venv/lib/python3.13/site-packages/yaml/__pycache__/__init__.cpython-313.pyc
/home/edge-host/Documents/GitHub/Theoretically_Driven_LLM_Planning/.venv/lib/python3.13/site-packages/yaml/__pycache__/composer.cpython-313.pyc
/home/edge-host/Documents/GitHub/Theoretically_Driven_LLM_Planning/.venv/lib/python3.13/site-packages/yaml/__pycache__/constructor.cpython-313.pyc
/home/edge-host/Documents/GitHub/Theoretically_Driven_LLM_Planning/.venv/lib/python3.13/site-packages/yaml/__pycache__/cyaml.cpython-313.pyc
/home/edge-host/Documents/GitHub/Theoretically_Driven_LLM_Planning/.venv/lib/python3.13/site-packages/yaml/__pycache__/dumper.cpython-313.pyc
/home/edge-host/Documents/GitHub/Theoretically_Driven_LLM_Planning/.venv/lib/python3.13/site-packages/yaml/__pycache__/emitter.cpython-313.pyc
/home/edge-host/Documents/GitHub/Theoretically_Driven_LLM_Planning/.venv/lib/python3.13/site-packages/yaml/__pycache__/error.cpython-313.pyc
/home/edge-host/Documents/GitHub/Theoretically_Driven_LLM_Planning/.venv/lib/python3.13/site-packages/yaml/__pycache__/events.cpython-313.pyc
/home/edge-host/Documents/GitHub/Theoretically_Driven_LLM_Planning/.venv/lib/python3.13/site-packages/yaml/__pycache__/loader.cpython-313.pyc
/home/edge-host/Documents/GitHub/Theoretically_Driven_LLM_Planning/.venv/lib/python3.13/site-packages/yaml/__pycache__/nodes.cpython-313.pyc
/home/edge-host/Documents/GitHub/Theoretically_Driven_LLM_Planning/.venv/lib/python3.13/site-packages/yaml/__pycache__/parser.cpython-313.pyc
/home/edge-host/Documents/GitHub/Theoretically_Driven_LLM_Planning/.venv/lib/python3.13/site-packages/yaml/__pycache__/reader.cpython-313.pyc
/home/edge-host/Documents/GitHub/Theoretically_Driven_LLM_Planning/.venv/lib/python3.13/site-packages/yaml/__pycache__/representer.cpython-313.pyc
/home/edge-host/Documents/GitHub/Theoretically_Driven_LLM_Planning/.venv/lib/python3.13/site-packages/yaml/__pycache__/resolver.cpython-313.pyc
/home/edge-host/Documents/GitHub/Theoretically_Driven_LLM_Planning/.venv/lib/python3.13/site-packages/yaml/__pycache__/scanner.cpython-313.pyc
/home/edge-host/Documents/GitHub/Theoretically_Driven_LLM_Planning/.venv/lib/python3.13/site-packages/yaml/__pycache__/serializer.cpython-313.pyc
/home/edge-host/Documents/GitHub/Theoretically_Driven_LLM_Planning/.venv/lib/python3.13/site-packages/yaml/__pycache__/tokens.cpython-313.pyc
/home/edge-host/Documents/GitHub/Theoretically_Driven_LLM_Planning/0
/home/edge-host/Documents/GitHub/Theoretically_Driven_LLM_Planning/1
/home/edge-host/Documents/GitHub/Theoretically_Driven_LLM_Planning/10
/home/edge-host/Documents/GitHub/Theoretically_Driven_LLM_Planning/11
/home/edge-host/Documents/GitHub/Theoretically_Driven_LLM_Planning/12
/home/edge-host/Documents/GitHub/Theoretically_Driven_LLM_Planning/13
/home/edge-host/Documents/GitHub/Theoretically_Driven_LLM_Planning/14
/home/edge-host/Documents/GitHub/Theoretically_Driven_LLM_Planning/15
/home/edge-host/Documents/GitHub/Theoretically_Driven_LLM_Planning/16
/home/edge-host/Documents/GitHub/Theoretically_Driven_LLM_Planning/17
/home/edge-host/Documents/GitHub/Theoretically_Driven_LLM_Planning/18
/home/edge-host/Documents/GitHub/Theoretically_Driven_LLM_Planning/19
/home/edge-host/Documents/GitHub/Theoretically_Driven_LLM_Planning/2
/home/edge-host/Documents/GitHub/Theoretically_Driven_LLM_Planning/20
/home/edge-host/Documents/GitHub/Theoretically_Driven_LLM_Planning/21
/home/edge-host/Documents/GitHub/Theoretically_Driven_LLM_Planning/22
/home/edge-host/Documents/GitHub/Theoretically_Driven_LLM_Planning/23
/home/edge-host/Documents/GitHub/Theoretically_Driven_LLM_Planning/24
/home/edge-host/Documents/GitHub/Theoretically_Driven_LLM_Planning/25
/home/edge-host/Documents/GitHub/Theoretically_Driven_LLM_Planning/26
/home/edge-host/Documents/GitHub/Theoretically_Driven_LLM_Planning/27
/home/edge-host/Documents/GitHub/Theoretically_Driven_LLM_Planning/28
/home/edge-host/Documents/GitHub/Theoretically_Driven_LLM_Planning/29
/home/edge-host/Documents/GitHub/Theoretically_Driven_LLM_Planning/3
/home/edge-host/Documents/GitHub/Theoretically_Driven_LLM_Planning/30
/home/edge-host/Documents/GitHub/Theoretically_Driven_LLM_Planning/31
/home/edge-host/Documents/GitHub/Theoretically_Driven_LLM_Planning/32
/home/edge-host/Documents/GitHub/Theoretically_Driven_LLM_Planning/33
/home/edge-host/Documents/GitHub/Theoretically_Driven_LLM_Planning/34
/home/edge-host/Documents/GitHub/Theoretically_Driven_LLM_Planning/35
/home/edge-host/Documents/GitHub/Theoretically_Driven_LLM_Planning/36
/home/edge-host/Documents/GitHub/Theoretically_Driven_LLM_Planning/37
/home/edge-host/Documents/GitHub/Theoretically_Driven_LLM_Planning/38
/home/edge-host/Documents/GitHub/Theoretically_Driven_LLM_Planning/39
/home/edge-host/Documents/GitHub/Theoretically_Driven_LLM_Planning/4
/home/edge-host/Documents/GitHub/Theoretically_Driven_LLM_Planning/40
/home/edge-host/Documents/GitHub/Theoretically_Driven_LLM_Planning/41
/home/edge-host/Documents/GitHub/Theoretically_Driven_LLM_Planning/42
/home/edge-host/Documents/GitHub/Theoretically_Driven_LLM_Planning/43
/home/edge-host/Documents/GitHub/Theoretically_Driven_LLM_Planning/44
/home/edge-host/Documents/GitHub/Theoretically_Driven_LLM_Planning/45
/home/edge-host/Documents/GitHub/Theoretically_Driven_LLM_Planning/46
/home/edge-host/Documents/GitHub/Theoretically_Driven_LLM_Planning/47
/home/edge-host/Documents/GitHub/Theoretically_Driven_LLM_Planning/48
/home/edge-host/Documents/GitHub/Theoretically_Driven_LLM_Planning/49
/home/edge-host/Documents/GitHub/Theoretically_Driven_LLM_Planning/5
/home/edge-host/Documents/GitHub/Theoretically_Driven_LLM_Planning/50
/home/edge-host/Documents/GitHub/Theoretically_Driven_LLM_Planning/51
/home/edge-host/Documents/GitHub/Theoretically_Driven_LLM_Planning/52
/home/edge-host/Documents/GitHub/Theoretically_Driven_LLM_Planning/53
/home/edge-host/Documents/GitHub/Theoretically_Driven_LLM_Planning/54
/home/edge-host/Documents/GitHub/Theoretically_Driven_LLM_Planning/55
/home/edge-host/Documents/GitHub/Theoretically_Driven_LLM_Planning/56
/home/edge-host/Documents/GitHub/Theoretically_Driven_LLM_Planning/57
/home/edge-host/Documents/GitHub/Theoretically_Driven_LLM_Planning/58
/home/edge-host/Documents/GitHub/Theoretically_Driven_LLM_Planning/59
/home/edge-host/Documents/GitHub/Theoretically_Driven_LLM_Planning/6
/home/edge-host/Documents/GitHub/Theoretically_Driven_LLM_Planning/60
/home/edge-host/Documents/GitHub/Theoretically_Driven_LLM_Planning/61
/home/edge-host/Documents/GitHub/Theoretically_Driven_LLM_Planning/62
/home/edge-host/Documents/GitHub/Theoretically_Driven_LLM_Planning/63
/home/edge-host/Documents/GitHub/Theoretically_Driven_LLM_Planning/64
/home/edge-host/Documents/GitHub/Theoretically_Driven_LLM_Planning/65
/home/edge-host/Documents/GitHub/Theoretically_Driven_LLM_Planning/66
/home/edge-host/Documents/GitHub/Theoretically_Driven_LLM_Planning/67
/home/edge-host/Documents/GitHub/Theoretically_Driven_LLM_Planning/68
/home/edge-host/Documents/GitHub/Theoretically_Driven_LLM_Planning/69
/home/edge-host/Documents/GitHub/Theoretically_Driven_LLM_Planning/7
/home/edge-host/Documents/GitHub/Theoretically_Driven_LLM_Planning/70
/home/edge-host/Documents/GitHub/Theoretically_Driven_LLM_Planning/71
/home/edge-host/Documents/GitHub/Theoretically_Driven_LLM_Planning/72
/home/edge-host/Documents/GitHub/Theoretically_Driven_LLM_Planning/73
/home/edge-host/Documents/GitHub/Theoretically_Driven_LLM_Planning/74
/home/edge-host/Documents/GitHub/Theoretically_Driven_LLM_Planning/75
/home/edge-host/Documents/GitHub/Theoretically_Driven_LLM_Planning/76
/home/edge-host/Documents/GitHub/Theoretically_Driven_LLM_Planning/77
/home/edge-host/Documents/GitHub/Theoretically_Driven_LLM_Planning/78
/home/edge-host/Documents/GitHub/Theoretically_Driven_LLM_Planning/79
/home/edge-host/Documents/GitHub/Theoretically_Driven_LLM_Planning/8
/home/edge-host/Documents/GitHub/Theoretically_Driven_LLM_Planning/80
/home/edge-host/Documents/GitHub/Theoretically_Driven_LLM_Planning/81
/home/edge-host/Documents/GitHub/Theoretically_Driven_LLM_Planning/82
/home/edge-host/Documents/GitHub/Theoretically_Driven_LLM_Planning/83
/home/edge-host/Documents/GitHub/Theoretically_Driven_LLM_Planning/84
/home/edge-host/Documents/GitHub/Theoretically_Driven_LLM_Planning/85
/home/edge-host/Documents/GitHub/Theoretically_Driven_LLM_Planning/86
/home/edge-host/Documents/GitHub/Theoretically_Driven_LLM_Planning/87
/home/edge-host/Documents/GitHub/Theoretically_Driven_LLM_Planning/88
/home/edge-host/Documents/GitHub/Theoretically_Driven_LLM_Planning/89
/home/edge-host/Documents/GitHub/Theoretically_Driven_LLM_Planning/9
/home/edge-host/Documents/GitHub/Theoretically_Driven_LLM_Planning/90
/home/edge-host/Documents/GitHub/Theoretically_Driven_LLM_Planning/91
/home/edge-host/Documents/GitHub/Theoretically_Driven_LLM_Planning/92
/home/edge-host/Documents/GitHub/Theoretically_Driven_LLM_Planning/93
/home/edge-host/Documents/GitHub/Theoretically_Driven_LLM_Planning/94
/home/edge-host/Documents/GitHub/Theoretically_Driven_LLM_Planning/95
/home/edge-host/Documents/GitHub/Theoretically_Driven_LLM_Planning/96
/home/edge-host/Documents/GitHub/Theoretically_Driven_LLM_Planning/97
/home/edge-host/Documents/GitHub/Theoretically_Driven_LLM_Planning/98
/home/edge-host/Documents/GitHub/Theoretically_Driven_LLM_Planning/99
/home/edge-host/Documents/GitHub/Theoretically_Driven_LLM_Planning/out
/home/edge-host/Documents/GitHub/Theoretically_Driven_LLM_Planning/pyproject.toml
/home/edge-host/Documents/GitHub/Theoretically_Driven_LLM_Planning/src/component_belief/__pycache__/__init__.cpython-313.pyc
/home/edge-host/Documents/GitHub/Theoretically_Driven_LLM_Planning/src/component_belief/__pycache__/decide.cpython-313.pyc
/home/edge-host/Documents/GitHub/Theoretically_Driven_LLM_Planning/src/component_belief/__pycache__/declarations.cpython-313.pyc
/home/edge-host/Documents/GitHub/Theoretically_Driven_LLM_Planning/src/component_belief/__pycache__/diagnose.cpython-313.pyc
/home/edge-host/Documents/GitHub/Theoretically_Driven_LLM_Planning/src/component_belief/__pycache__/expr.cpython-313.pyc
/home/edge-host/Documents/GitHub/Theoretically_Driven_LLM_Planning/src/component_belief/__pycache__/goals.cpython-313.pyc
/home/edge-host/Documents/GitHub/Theoretically_Driven_LLM_Planning/src/component_belief/__pycache__/ids.cpython-313.pyc
/home/edge-host/Documents/GitHub/Theoretically_Driven_LLM_Planning/src/component_belief/__pycache__/model.cpython-313.pyc
/home/edge-host/Documents/GitHub/Theoretically_Driven_LLM_Planning/src/component_belief/__pycache__/planning.cpython-313.pyc
/home/edge-host/Documents/GitHub/Theoretically_Driven_LLM_Planning/src/component_belief/__pycache__/project.cpython-313.pyc
/home/edge-host/Documents/GitHub/Theoretically_Driven_LLM_Planning/src/component_belief/__pycache__/readlog.cpython-313.pyc
/home/edge-host/Documents/GitHub/Theoretically_Driven_LLM_Planning/src/component_belief/__pycache__/render.cpython-313.pyc
/home/edge-host/Documents/GitHub/Theoretically_Driven_LLM_Planning/src/component_belief/__pycache__/runner.cpython-313.pyc
/home/edge-host/Documents/GitHub/Theoretically_Driven_LLM_Planning/src/component_belief/__pycache__/server.cpython-313.pyc
/home/edge-host/Documents/GitHub/Theoretically_Driven_LLM_Planning/src/component_belief/__pycache__/staleness.cpython-313.pyc
/home/edge-host/Documents/GitHub/Theoretically_Driven_LLM_Planning/src/component_belief/__pycache__/stamps.cpython-313.pyc
/home/edge-host/Documents/GitHub/Theoretically_Driven_LLM_Planning/src/component_belief/__pycache__/stats.cpython-313.pyc
/home/edge-host/Documents/GitHub/Theoretically_Driven_LLM_Planning/src/component_belief/__pycache__/store.cpython-313.pyc
/home/edge-host/Documents/GitHub/Theoretically_Driven_LLM_Planning/src/component_belief/__pycache__/views.cpython-313.pyc
/home/edge-host/Documents/GitHub/Theoretically_Driven_LLM_Planning/src/component_belief_mcp.egg-info/entry_points.txt
/home/edge-host/Documents/GitHub/Theoretically_Driven_LLM_Planning/test_ambiguous_bed_overlap_inv0
/home/edge-host/Documents/GitHub/Theoretically_Driven_LLM_Planning/test_anchor_contradictions_are0
/home/edge-host/Documents/GitHub/Theoretically_Driven_LLM_Planning/test_auto_approval_and_reappro0
/home/edge-host/Documents/GitHub/Theoretically_Driven_LLM_Planning/test_automatic_does_not_read_o0
/home/edge-host/Documents/GitHub/Theoretically_Driven_LLM_Planning/test_bad_expired_or_other_work0
/home/edge-host/Documents/GitHub/Theoretically_Driven_LLM_Planning/test_bad_expired_or_other_work1
/home/edge-host/Documents/GitHub/Theoretically_Driven_LLM_Planning/test_bad_expired_or_other_work2
/home/edge-host/Documents/GitHub/Theoretically_Driven_LLM_Planning/test_bad_expired_or_other_work3
/home/edge-host/Documents/GitHub/Theoretically_Driven_LLM_Planning/test_bad_expired_or_other_work4
/home/edge-host/Documents/GitHub/Theoretically_Driven_LLM_Planning/test_bad_expired_or_other_work5
/home/edge-host/Documents/GitHub/Theoretically_Driven_LLM_Planning/test_bad_expired_or_other_work6
/home/edge-host/Documents/GitHub/Theoretically_Driven_LLM_Planning/test_bed_history_cannot_bridge0
/home/edge-host/Documents/GitHub/Theoretically_Driven_LLM_Planning/test_bed_history_cannot_bridge1
/home/edge-host/Documents/GitHub/Theoretically_Driven_LLM_Planning/test_bed_history_cannot_bridge2
/home/edge-host/Documents/GitHub/Theoretically_Driven_LLM_Planning/test_bed_history_cannot_bridge3
/home/edge-host/Documents/GitHub/Theoretically_Driven_LLM_Planning/test_bed_history_cannot_bridge4
/home/edge-host/Documents/GitHub/Theoretically_Driven_LLM_Planning/test_bed_is_independent_of_man0
/home/edge-host/Documents/GitHub/Theoretically_Driven_LLM_Planning/test_bed_occupant_does_not_hid0
/home/edge-host/Documents/GitHub/Theoretically_Driven_LLM_Planning/test_bed_status_exports_nonapp0
/home/edge-host/Documents/GitHub/Theoretically_Driven_LLM_Planning/test_bed_stream_initial_conven0
/home/edge-host/Documents/GitHub/Theoretically_Driven_LLM_Planning/test_bedless_entrypoint_reques0
/home/edge-host/Documents/GitHub/Theoretically_Driven_LLM_Planning/test_bedless_invalid_cli_fails0
/home/edge-host/Documents/GitHub/Theoretically_Driven_LLM_Planning/test_bedless_invalid_cli_fails1
/home/edge-host/Documents/GitHub/Theoretically_Driven_LLM_Planning/test_bedless_invalid_cli_fails2
/home/edge-host/Documents/GitHub/Theoretically_Driven_LLM_Planning/test_bedless_invalid_cli_fails3
/home/edge-host/Documents/GitHub/Theoretically_Driven_LLM_Planning/test_bedless_unknown_is_not_be0
/home/edge-host/Documents/GitHub/Theoretically_Driven_LLM_Planning/test_calibrated_events_share_c0
/home/edge-host/Documents/GitHub/Theoretically_Driven_LLM_Planning/test_calibrated_events_share_c1
/home/edge-host/Documents/GitHub/Theoretically_Driven_LLM_Planning/test_calibrated_events_share_c2
/home/edge-host/Documents/GitHub/Theoretically_Driven_LLM_Planning/test_calibration_authority_and0
/home/edge-host/Documents/GitHub/Theoretically_Driven_LLM_Planning/test_camera_profile_does_not_c0
/home/edge-host/Documents/GitHub/Theoretically_Driven_LLM_Planning/test_camera_profile_does_not_c1
/home/edge-host/Documents/GitHub/Theoretically_Driven_LLM_Planning/test_camera_profile_maps_only_0
/home/edge-host/Documents/GitHub/Theoretically_Driven_LLM_Planning/test_camera_profile_maps_only_1
/home/edge-host/Documents/GitHub/Theoretically_Driven_LLM_Planning/test_camera_profile_maps_only_2
/home/edge-host/Documents/GitHub/Theoretically_Driven_LLM_Planning/test_camera_profile_maps_only_3
/home/edge-host/Documents/GitHub/Theoretically_Driven_LLM_Planning/test_camera_profile_maps_only_4
/home/edge-host/Documents/GitHub/Theoretically_Driven_LLM_Planning/test_camera_profile_maps_only_5
/home/edge-host/Documents/GitHub/Theoretically_Driven_LLM_Planning/test_capture_shape_change_cann0
/home/edge-host/Documents/GitHub/Theoretically_Driven_LLM_Planning/test_cli_automatic_is_explicit0
/home/edge-host/Documents/GitHub/Theoretically_Driven_LLM_Planning/test_cli_automatic_is_explicit1
/home/edge-host/Documents/GitHub/Theoretically_Driven_LLM_Planning/test_codec_failure_keeps_previ0
/home/edge-host/Documents/GitHub/Theoretically_Driven_LLM_Planning/test_confirm_discards_buffered0
/home/edge-host/Documents/GitHub/Theoretically_Driven_LLM_Planning/test_confirmation_needs_same_p0
/home/edge-host/Documents/GitHub/Theoretically_Driven_LLM_Planning/test_confirmation_rejects_malf0
/home/edge-host/Documents/GitHub/Theoretically_Driven_LLM_Planning/test_confirmation_rejects_malf1
/home/edge-host/Documents/GitHub/Theoretically_Driven_LLM_Planning/test_confirmation_rejects_malf2
/home/edge-host/Documents/GitHub/Theoretically_Driven_LLM_Planning/test_confirmation_rejects_malf3
/home/edge-host/Documents/GitHub/Theoretically_Driven_LLM_Planning/test_confirmation_rejects_wron0
/home/edge-host/Documents/GitHub/Theoretically_Driven_LLM_Planning/test_confirmation_rejects_wron1
/home/edge-host/Documents/GitHub/Theoretically_Driven_LLM_Planning/test_confirmation_rejects_wron10
/home/edge-host/Documents/GitHub/Theoretically_Driven_LLM_Planning/test_confirmation_rejects_wron11
/home/edge-host/Documents/GitHub/Theoretically_Driven_LLM_Planning/test_confirmation_rejects_wron2
/home/edge-host/Documents/GitHub/Theoretically_Driven_LLM_Planning/test_confirmation_rejects_wron3
/home/edge-host/Documents/GitHub/Theoretically_Driven_LLM_Planning/test_confirmation_rejects_wron4
/home/edge-host/Documents/GitHub/Theoretically_Driven_LLM_Planning/test_confirmation_rejects_wron5
/home/edge-host/Documents/GitHub/Theoretically_Driven_LLM_Planning/test_confirmation_rejects_wron6
/home/edge-host/Documents/GitHub/Theoretically_Driven_LLM_Planning/test_confirmation_rejects_wron7
/home/edge-host/Documents/GitHub/Theoretically_Driven_LLM_Planning/test_confirmation_rejects_wron8
/home/edge-host/Documents/GitHub/Theoretically_Driven_LLM_Planning/test_confirmation_rejects_wron9
/home/edge-host/Documents/GitHub/Theoretically_Driven_LLM_Planning/test_confirmed_anchor_accepts_0
/home/edge-host/Documents/GitHub/Theoretically_Driven_LLM_Planning/test_confirmed_anchor_does_not0
/home/edge-host/Documents/GitHub/Theoretically_Driven_LLM_Planning/test_confirmed_anchor_does_not1
/home/edge-host/Documents/GitHub/Theoretically_Driven_LLM_Planning/test_confirmed_floor_stays_con0
/home/edge-host/Documents/GitHub/Theoretically_Driven_LLM_Planning/test_confirmed_partial_floor_c0
/home/edge-host/Documents/GitHub/Theoretically_Driven_LLM_Planning/test_default_profile_and_analy0
/home/edge-host/Documents/GitHub/Theoretically_Driven_LLM_Planning/test_diagnostic_log_is_bounded0
/home/edge-host/Documents/GitHub/Theoretically_Driven_LLM_Planning/test_expired_or_motion_invalid0
/home/edge-host/Documents/GitHub/Theoretically_Driven_LLM_Planning/test_failed_geometry_preserves0
/home/edge-host/Documents/GitHub/Theoretically_Driven_LLM_Planning/test_failure_diagnostics_and_c0
/home/edge-host/Documents/GitHub/Theoretically_Driven_LLM_Planning/test_floor_episode_does_not_re0
/home/edge-host/Documents/GitHub/Theoretically_Driven_LLM_Planning/test_floor_episode_does_not_re1
/home/edge-host/Documents/GitHub/Theoretically_Driven_LLM_Planning/test_floor_episode_does_not_re2
/home/edge-host/Documents/GitHub/Theoretically_Driven_LLM_Planning/test_floor_failure_cannot_eras0
/home/edge-host/Documents/GitHub/Theoretically_Driven_LLM_Planning/test_floor_failure_cannot_eras1
/home/edge-host/Documents/GitHub/Theoretically_Driven_LLM_Planning/test_floor_failure_cannot_eras2
/home/edge-host/Documents/GitHub/Theoretically_Driven_LLM_Planning/test_forged_reading_cannot_aut0
/home/edge-host/Documents/GitHub/Theoretically_Driven_LLM_Planning/test_geometry_unknown_never_wr0
/home/edge-host/Documents/GitHub/Theoretically_Driven_LLM_Planning/test_geometry_unknown_never_wr1
/home/edge-host/Documents/GitHub/Theoretically_Driven_LLM_Planning/test_geometry_unknown_never_wr2
/home/edge-host/Documents/GitHub/Theoretically_Driven_LLM_Planning/test_geometry_unknown_never_wr3
/home/edge-host/Documents/GitHub/Theoretically_Driven_LLM_Planning/test_geometry_unknown_never_wr4
/home/edge-host/Documents/GitHub/Theoretically_Driven_LLM_Planning/test_intrinsics_change_cannot_0
/home/edge-host/Documents/GitHub/Theoretically_Driven_LLM_Planning/test_invalid_bed_bounds_revoke0
/home/edge-host/Documents/GitHub/Theoretically_Driven_LLM_Planning/test_invalid_floor_cannot_reus0
/home/edge-host/Documents/GitHub/Theoretically_Driven_LLM_Planning/test_invalid_profile_or_rate_f0
/home/edge-host/Documents/GitHub/Theoretically_Driven_LLM_Planning/test_invalid_profile_or_rate_f1
/home/edge-host/Documents/GitHub/Theoretically_Driven_LLM_Planning/test_invalid_profile_or_rate_f2
/home/edge-host/Documents/GitHub/Theoretically_Driven_LLM_Planning/test_invalid_profile_or_rate_f3
/home/edge-host/Documents/GitHub/Theoretically_Driven_LLM_Planning/test_invalid_profile_or_rate_f4
/home/edge-host/Documents/GitHub/Theoretically_Driven_LLM_Planning/test_leaving_bed_and_falling_c0
/home/edge-host/Documents/GitHub/Theoretically_Driven_LLM_Planning/test_legacy_bed_policy_is_nona0
/home/edge-host/Documents/GitHub/Theoretically_Driven_LLM_Planning/test_legacy_bed_policy_is_nona1
/home/edge-host/Documents/GitHub/Theoretically_Driven_LLM_Planning/test_long_live_window_preserve0
/home/edge-host/Documents/GitHub/Theoretically_Driven_LLM_Planning/test_long_live_window_preserve1
/home/edge-host/Documents/GitHub/Theoretically_Driven_LLM_Planning/test_long_live_window_preserve2
/home/edge-host/Documents/GitHub/Theoretically_Driven_LLM_Planning/test_losing_support_revokes_co0
/home/edge-host/Documents/GitHub/Theoretically_Driven_LLM_Planning/test_manual_remains_ready_unti0
/home/edge-host/Documents/GitHub/Theoretically_Driven_LLM_Planning/test_missing_real_capture_stam0
/home/edge-host/Documents/GitHub/Theoretically_Driven_LLM_Planning/test_modal_close_lease_expiry_0
/home/edge-host/Documents/GitHub/Theoretically_Driven_LLM_Planning/test_monitor_any_person_floor_0
/home/edge-host/Documents/GitHub/Theoretically_Driven_LLM_Planning/test_monitor_dates_a_leave_whe0
/home/edge-host/Documents/GitHub/Theoretically_Driven_LLM_Planning/test_monitor_dates_a_leave_whe1
/home/edge-host/Documents/GitHub/Theoretically_Driven_LLM_Planning/test_monitor_default_initial_i0
/home/edge-host/Documents/GitHub/Theoretically_Driven_LLM_Planning/test_monitor_genuine_observed_0
/home/edge-host/Documents/GitHub/Theoretically_Driven_LLM_Planning/test_monitor_genuine_observed_1
/home/edge-host/Documents/GitHub/Theoretically_Driven_LLM_Planning/test_monitor_genuine_observed_2
/home/edge-host/Documents/GitHub/Theoretically_Driven_LLM_Planning/test_monitor_initial_and_repea0
/home/edge-host/Documents/GitHub/Theoretically_Driven_LLM_Planning/test_monitor_initial_and_repea1
/home/edge-host/Documents/GitHub/Theoretically_Driven_LLM_Planning/test_monitor_initial_and_repea2
/home/edge-host/Documents/GitHub/Theoretically_Driven_LLM_Planning/test_monitor_initial_and_repea3
/home/edge-host/Documents/GitHub/Theoretically_Driven_LLM_Planning/test_monitor_initial_and_repea4
/home/edge-host/Documents/GitHub/Theoretically_Driven_LLM_Planning/test_monitor_initial_and_repea5
/home/edge-host/Documents/GitHub/Theoretically_Driven_LLM_Planning/test_monitor_initial_and_repea6
/home/edge-host/Documents/GitHub/Theoretically_Driven_LLM_Planning/test_monitor_initial_and_repea7
/home/edge-host/Documents/GitHub/Theoretically_Driven_LLM_Planning/test_monitor_jittered_initial_0
/home/edge-host/Documents/GitHub/Theoretically_Driven_LLM_Planning/test_monitor_occupied_leave_an0
/home/edge-host/Documents/GitHub/Theoretically_Driven_LLM_Planning/test_monitor_occupied_leave_an1
/home/edge-host/Documents/GitHub/Theoretically_Driven_LLM_Planning/test_monitor_occupied_leave_an2
/home/edge-host/Documents/GitHub/Theoretically_Driven_LLM_Planning/test_monitor_occupied_leave_an3
/home/edge-host/Documents/GitHub/Theoretically_Driven_LLM_Planning/test_motion_latch_invalidates_0
/home/edge-host/Documents/GitHub/Theoretically_Driven_LLM_Planning/test_no_bed_arming_needed_and_0
/home/edge-host/Documents/GitHub/Theoretically_Driven_LLM_Planning/test_no_bed_does_not_block_con0
/home/edge-host/Documents/GitHub/Theoretically_Driven_LLM_Planning/test_no_inference_must_not_cla0
/home/edge-host/Documents/GitHub/Theoretically_Driven_LLM_Planning/test_oldest_frame_must_be_fres0
/home/edge-host/Documents/GitHub/Theoretically_Driven_LLM_Planning/test_one_empty_bed_mask_frame_0
/home/edge-host/Documents/GitHub/Theoretically_Driven_LLM_Planning/test_one_unsupported_frame_can0
/home/edge-host/Documents/GitHub/Theoretically_Driven_LLM_Planning/test_other_valid_sequence_can_0
/home/edge-host/Documents/GitHub/Theoretically_Driven_LLM_Planning/test_partial_floor_does_not_re0
/home/edge-host/Documents/GitHub/Theoretically_Driven_LLM_Planning/test_partial_support_cannot_ov0
/home/edge-host/Documents/GitHub/Theoretically_Driven_LLM_Planning/test_partial_support_does_not_0
/home/edge-host/Documents/GitHub/Theoretically_Driven_LLM_Planning/test_partial_support_does_not_1
/home/edge-host/Documents/GitHub/Theoretically_Driven_LLM_Planning/test_partial_support_rejects_a0
/home/edge-host/Documents/GitHub/Theoretically_Driven_LLM_Planning/test_partial_support_rejects_s0
/home/edge-host/Documents/GitHub/Theoretically_Driven_LLM_Planning/test_partial_support_requires_0
/home/edge-host/Documents/GitHub/Theoretically_Driven_LLM_Planning/test_partial_support_requires_1
/home/edge-host/Documents/GitHub/Theoretically_Driven_LLM_Planning/test_partial_support_requires_2
/home/edge-host/Documents/GitHub/Theoretically_Driven_LLM_Planning/test_partial_support_requires_3
/home/edge-host/Documents/GitHub/Theoretically_Driven_LLM_Planning/test_partial_support_requires_4
/home/edge-host/Documents/GitHub/Theoretically_Driven_LLM_Planning/test_partial_support_requires_5
/home/edge-host/Documents/GitHub/Theoretically_Driven_LLM_Planning/test_partial_support_requires_6
/home/edge-host/Documents/GitHub/Theoretically_Driven_LLM_Planning/test_partial_support_requires_7
/home/edge-host/Documents/GitHub/Theoretically_Driven_LLM_Planning/test_partial_support_requires_8
/home/edge-host/Documents/GitHub/Theoretically_Driven_LLM_Planning/test_partial_support_requires_9
/home/edge-host/Documents/GitHub/Theoretically_Driven_LLM_Planning/test_passing_window_reports_on0
/home/edge-host/Documents/GitHub/Theoretically_Driven_LLM_Planning/test_plane_warning_caption_doe0
/home/edge-host/Documents/GitHub/Theoretically_Driven_LLM_Planning/test_plane_warning_caption_doe1
/home/edge-host/Documents/GitHub/Theoretically_Driven_LLM_Planning/test_plane_warning_caption_doe2
/home/edge-host/Documents/GitHub/Theoretically_Driven_LLM_Planning/test_policy_is_explicit_and_no0
/home/edge-host/Documents/GitHub/Theoretically_Driven_LLM_Planning/test_policy_is_explicit_and_no1
/home/edge-host/Documents/GitHub/Theoretically_Driven_LLM_Planning/test_policy_is_explicit_and_no2
/home/edge-host/Documents/GitHub/Theoretically_Driven_LLM_Planning/test_policy_is_explicit_and_no3
/home/edge-host/Documents/GitHub/Theoretically_Driven_LLM_Planning/test_policy_is_explicit_and_no4
/home/edge-host/Documents/GitHub/Theoretically_Driven_LLM_Planning/test_preconfirmation_capture_d0
/home/edge-host/Documents/GitHub/Theoretically_Driven_LLM_Planning/test_preview_codec_drawing_fai0
/home/edge-host/Documents/GitHub/Theoretically_Driven_LLM_Planning/test_preview_codec_drawing_fai1
/home/edge-host/Documents/GitHub/Theoretically_Driven_LLM_Planning/test_preview_codec_drawing_fai2
/home/edge-host/Documents/GitHub/Theoretically_Driven_LLM_Planning/test_preview_exports_actual_po0
/home/edge-host/Documents/GitHub/Theoretically_Driven_LLM_Planning/test_preview_exports_actual_po1
/home/edge-host/Documents/GitHub/Theoretically_Driven_LLM_Planning/test_preview_exports_actual_po2
/home/edge-host/Documents/GitHub/Theoretically_Driven_LLM_Planning/test_preview_exports_actual_po3
/home/edge-host/Documents/GitHub/Theoretically_Driven_LLM_Planning/test_production_60mm_inliers_r0
/home/edge-host/Documents/GitHub/Theoretically_Driven_LLM_Planning/test_production_60mm_raw_resid0
/home/edge-host/Documents/GitHub/Theoretically_Driven_LLM_Planning/test_production_60mm_raw_resid1
/home/edge-host/Documents/GitHub/Theoretically_Driven_LLM_Planning/test_production_60mm_raw_resid2
/home/edge-host/Documents/GitHub/Theoretically_Driven_LLM_Planning/test_production_60mm_raw_resid3
/home/edge-host/Documents/GitHub/Theoretically_Driven_LLM_Planning/test_production_60mm_raw_resid4
/home/edge-host/Documents/GitHub/Theoretically_Driven_LLM_Planning/test_production_75_percent_ref0
/home/edge-host/Documents/GitHub/Theoretically_Driven_LLM_Planning/test_production_75_percent_ref1
/home/edge-host/Documents/GitHub/Theoretically_Driven_LLM_Planning/test_production_policy_explici0
/home/edge-host/Documents/GitHub/Theoretically_Driven_LLM_Planning/test_reading_fields_cannot_for0
/home/edge-host/Documents/GitHub/Theoretically_Driven_LLM_Planning/test_real_camera_motion_remain0
/home/edge-host/Documents/GitHub/Theoretically_Driven_LLM_Planning/test_real_evaluate_bias_failur0
/home/edge-host/Documents/GitHub/Theoretically_Driven_LLM_Planning/test_real_evaluate_bias_failur1
/home/edge-host/Documents/GitHub/Theoretically_Driven_LLM_Planning/test_real_evaluate_symmetric_i0
/home/edge-host/Documents/GitHub/Theoretically_Driven_LLM_Planning/test_real_geometry_through_mon0
/home/edge-host/Documents/GitHub/Theoretically_Driven_LLM_Planning/test_required_monitor_never_ac0
/home/edge-host/Documents/GitHub/Theoretically_Driven_LLM_Planning/test_same_frame_atomic_bounded0
/home/edge-host/Documents/GitHub/Theoretically_Driven_LLM_Planning/test_stale_future_and_nonfinit0
/home/edge-host/Documents/GitHub/Theoretically_Driven_LLM_Planning/test_stale_future_and_nonfinit1
/home/edge-host/Documents/GitHub/Theoretically_Driven_LLM_Planning/test_stale_future_and_nonfinit2
/home/edge-host/Documents/GitHub/Theoretically_Driven_LLM_Planning/test_unified_bed_channel_uses_0
/home/edge-host/Documents/GitHub/Theoretically_Driven_LLM_Planning/test_unified_bed_channel_uses_1
/home/edge-host/Documents/GitHub/Theoretically_Driven_LLM_Planning/test_unified_bed_channel_uses_2
/home/edge-host/Documents/GitHub/Theoretically_Driven_LLM_Planning/test_unified_bed_channel_uses_3
/home/edge-host/Documents/GitHub/Theoretically_Driven_LLM_Planning/test_unified_cli_always_requir0
/home/edge-host/Documents/GitHub/Theoretically_Driven_LLM_Planning/test_unified_cli_rejects_missi0
/home/edge-host/Documents/GitHub/Theoretically_Driven_LLM_Planning/test_unified_cli_rejects_missi1
/home/edge-host/Documents/GitHub/Theoretically_Driven_LLM_Planning/test_unified_preview_preserves0
/home/edge-host/Documents/GitHub/Theoretically_Driven_LLM_Planning/test_unified_preview_preserves1
/home/edge-host/Documents/GitHub/Theoretically_Driven_LLM_Planning/test_unified_preview_preserves2
/home/edge-host/Documents/GitHub/Theoretically_Driven_LLM_Planning/test_unified_preview_preserves3
/home/edge-host/Documents/GitHub/Theoretically_Driven_LLM_Planning/test_unified_unknown_bed_state0
/home/edge-host/Documents/GitHub/Theoretically_Driven_LLM_Planning/test_unknown_frames_cannot_bri0
/home/edge-host/Documents/GitHub/Theoretically_Driven_LLM_Planning/test_unread_bed_resets_arming_0
/home/edge-host/Documents/GitHub/Theoretically_Driven_LLM_Planning/test_unread_bed_resets_arming_1
/home/edge-host/Documents/GitHub/Theoretically_Driven_LLM_Planning/test_unread_bed_resets_arming_2
/home/edge-host/Documents/GitHub/Theoretically_Driven_LLM_Planning/test_unread_bed_resets_arming_3
/home/edge-host/Documents/GitHub/Theoretically_Driven_LLM_Planning/test_visibility_losses_are_dis0
/home/edge-host/Documents/GitHub/Theoretically_Driven_LLM_Planning/test_window_level_suspected_do0
/home/edge-host/Documents/GitHub/Theoretically_Driven_LLM_Planning/test_without_modal_request_doe0
/home/edge-host/Documents/GitHub/Theoretically_Driven_LLM_Planning/test_workflow_requires_two_win0
/home/edge-host/Documents/GitHub/Theoretically_Driven_LLM_Planning/tests/__pycache__/conftest.cpython-313-pytest-9.1.1.pyc
/home/edge-host/Documents/GitHub/Theoretically_Driven_LLM_Planning/tests/__pycache__/test_server.cpython-313-pytest-9.1.1.pyc
/home/edge-host/Documents/GitHub/Theoretically_Driven_LLM_Planning/tools/pytest_trials.py
