/home/edge-host/Documents/GitHub/Theoretically_Driven_LLM_Planning/.belief
/home/edge-host/Documents/GitHub/Theoretically_Driven_LLM_Planning/.belief/artifacts/RUN-0014/reads.log
/home/edge-host/Documents/GitHub/Theoretically_Driven_LLM_Planning/.consistency
/home/edge-host/Documents/GitHub/Theoretically_Driven_LLM_Planning/.git
/home/edge-host/Documents/GitHub/Theoretically_Driven_LLM_Planning/.pytest_cache/v/cache/lastfailed
/home/edge-host/Documents/GitHub/Theoretically_Driven_LLM_Planning/.pytest_cache/v/cache/nodeids
/home/edge-host/Documents/GitHub/Theoretically_Driven_LLM_Planning/.venv/lib/python3.13/site-packages/__pycache__/py.cpython-313.pyc
/home/edge-host/Documents/GitHub/Theoretically_Driven_LLM_Planning/.venv/lib/python3.13/site-packages/__pycache__/typing_extensions.cpython-313.pyc
/home/edge-host/Documents/GitHub/Theoretically_Driven_LLM_Planning/.venv/lib/python3.13/site-packages/_pytest/__pycache__/__init__.cpython-313.pyc
/home/edge-host/Documents/GitHub/Theoretically_Driven_LLM_Planning/.venv/lib/python3.13/site-packages/_pytest/__pycache__/_argcomplete.cpython-313.pyc
/home/edge-host/Documents/GitHub/Theoretically_Driven_LLM_Planning/.venv/lib/python3.13/site-packages/_pytest/__pycache__/_version.cpython-313.pyc
/home/edge-host/Documents/GitHub/Theoretically_Driven_LLM_Planning/.venv/lib/python3.13/site-packages/_pytest/__pycache__/cacheprovider.cpython-313.pyc
/home/edge-host/Documents/GitHub/Theoretically_Driven_LLM_Planning/.venv/lib/python3.13/site-packages/_pytest/__pycache__/capture.cpython-313.pyc
/home/edge-host/Documents/GitHub/Theoretically_Driven_LLM_Planning/.venv/lib/python3.13/site-packages/_pytest/__pycache__/compat.cpython-313.pyc
/home/edge-host/Documents/GitHub/Theoretically_Driven_LLM_Planning/.venv/lib/python3.13/site-packages/_pytest/__pycache__/debugging.cpython-313.pyc
/home/edge-host/Documents/GitHub/Theoretically_Driven_LLM_Planning/.venv/lib/python3.13/site-packages/_pytest/__pycache__/deprecated.cpython-313.pyc
/home/edge-host/Documents/GitHub/Theoretically_Driven_LLM_Planning/.venv/lib/python3.13/site-packages/_pytest/__pycache__/doctest.cpython-313.pyc
/home/edge-host/Documents/GitHub/Theoretically_Driven_LLM_Planning/.venv/lib/python3.13/site-packages/_pytest/__pycache__/faulthandler.cpython-313.pyc
/home/edge-host/Documents/GitHub/Theoretically_Driven_LLM_Planning/.venv/lib/python3.13/site-packages/_pytest/__pycache__/fixtures.cpython-313.pyc
/home/edge-host/Documents/GitHub/Theoretically_Driven_LLM_Planning/.venv/lib/python3.13/site-packages/_pytest/__pycache__/freeze_support.cpython-313.pyc
/home/edge-host/Documents/GitHub/Theoretically_Driven_LLM_Planning/.venv/lib/python3.13/site-packages/_pytest/__pycache__/helpconfig.cpython-313.pyc
/home/edge-host/Documents/GitHub/Theoretically_Driven_LLM_Planning/.venv/lib/python3.13/site-packages/_pytest/__pycache__/hookspec.cpython-313.pyc
/home/edge-host/Documents/GitHub/Theoretically_Driven_LLM_Planning/.venv/lib/python3.13/site-packages/_pytest/__pycache__/junitxml.cpython-313.pyc
/home/edge-host/Documents/GitHub/Theoretically_Driven_LLM_Planning/.venv/lib/python3.13/site-packages/_pytest/__pycache__/legacypath.cpython-313.pyc
/home/edge-host/Documents/GitHub/Theoretically_Driven_LLM_Planning/.venv/lib/python3.13/site-packages/_pytest/__pycache__/logging.cpython-313.pyc
/home/edge-host/Documents/GitHub/Theoretically_Driven_LLM_Planning/.venv/lib/python3.13/site-packages/_pytest/__pycache__/main.cpython-313.pyc
/home/edge-host/Documents/GitHub/Theoretically_Driven_LLM_Planning/.venv/lib/python3.13/site-packages/_pytest/__pycache__/monkeypatch.cpython-313.pyc
/home/edge-host/Documents/GitHub/Theoretically_Driven_LLM_Planning/.venv/lib/python3.13/site-packages/_pytest/__pycache__/nodes.cpython-313.pyc
/home/edge-host/Documents/GitHub/Theoretically_Driven_LLM_Planning/.venv/lib/python3.13/site-packages/_pytest/__pycache__/outcomes.cpython-313.pyc
/home/edge-host/Documents/GitHub/Theoretically_Driven_LLM_Planning/.venv/lib/python3.13/site-packages/_pytest/__pycache__/pastebin.cpython-313.pyc
/home/edge-host/Documents/GitHub/Theoretically_Driven_LLM_Planning/.venv/lib/python3.13/site-packages/_pytest/__pycache__/pathlib.cpython-313.pyc
/home/edge-host/Documents/GitHub/Theoretically_Driven_LLM_Planning/.venv/lib/python3.13/site-packages/_pytest/__pycache__/pytester.cpython-313.pyc
/home/edge-host/Documents/GitHub/Theoretically_Driven_LLM_Planning/.venv/lib/python3.13/site-packages/_pytest/__pycache__/python.cpython-313.pyc
/home/edge-host/Documents/GitHub/Theoretically_Driven_LLM_Planning/.venv/lib/python3.13/site-packages/_pytest/__pycache__/python_api.cpython-313.pyc
/home/edge-host/Documents/GitHub/Theoretically_Driven_LLM_Planning/.venv/lib/python3.13/site-packages/_pytest/__pycache__/raises.cpython-313.pyc
/home/edge-host/Documents/GitHub/Theoretically_Driven_LLM_Planning/.venv/lib/python3.13/site-packages/_pytest/__pycache__/recwarn.cpython-313.pyc
/home/edge-host/Documents/GitHub/Theoretically_Driven_LLM_Planning/.venv/lib/python3.13/site-packages/_pytest/__pycache__/reports.cpython-313.pyc
/home/edge-host/Documents/GitHub/Theoretically_Driven_LLM_Planning/.venv/lib/python3.13/site-packages/_pytest/__pycache__/runner.cpython-313.pyc
/home/edge-host/Documents/GitHub/Theoretically_Driven_LLM_Planning/.venv/lib/python3.13/site-packages/_pytest/__pycache__/scope.cpython-313.pyc
/home/edge-host/Documents/GitHub/Theoretically_Driven_LLM_Planning/.venv/lib/python3.13/site-packages/_pytest/__pycache__/setuponly.cpython-313.pyc
/home/edge-host/Documents/GitHub/Theoretically_Driven_LLM_Planning/.venv/lib/python3.13/site-packages/_pytest/__pycache__/setupplan.cpython-313.pyc
/home/edge-host/Documents/GitHub/Theoretically_Driven_LLM_Planning/.venv/lib/python3.13/site-packages/_pytest/__pycache__/skipping.cpython-313.pyc
/home/edge-host/Documents/GitHub/Theoretically_Driven_LLM_Planning/.venv/lib/python3.13/site-packages/_pytest/__pycache__/stash.cpython-313.pyc
/home/edge-host/Documents/GitHub/Theoretically_Driven_LLM_Planning/.venv/lib/python3.13/site-packages/_pytest/__pycache__/stepwise.cpython-313.pyc
/home/edge-host/Documents/GitHub/Theoretically_Driven_LLM_Planning/.venv/lib/python3.13/site-packages/_pytest/__pycache__/subtests.cpython-313.pyc
/home/edge-host/Documents/GitHub/Theoretically_Driven_LLM_Planning/.venv/lib/python3.13/site-packages/_pytest/__pycache__/terminal.cpython-313.pyc
/home/edge-host/Documents/GitHub/Theoretically_Driven_LLM_Planning/.venv/lib/python3.13/site-packages/_pytest/__pycache__/threadexception.cpython-313.pyc
/home/edge-host/Documents/GitHub/Theoretically_Driven_LLM_Planning/.venv/lib/python3.13/site-packages/_pytest/__pycache__/timing.cpython-313.pyc
/home/edge-host/Documents/GitHub/Theoretically_Driven_LLM_Planning/.venv/lib/python3.13/site-packages/_pytest/__pycache__/tmpdir.cpython-313.pyc
/home/edge-host/Documents/GitHub/Theoretically_Driven_LLM_Planning/.venv/lib/python3.13/site-packages/_pytest/__pycache__/tracemalloc.cpython-313.pyc
/home/edge-host/Documents/GitHub/Theoretically_Driven_LLM_Planning/.venv/lib/python3.13/site-packages/_pytest/__pycache__/unittest.cpython-313.pyc
/home/edge-host/Documents/GitHub/Theoretically_Driven_LLM_Planning/.venv/lib/python3.13/site-packages/_pytest/__pycache__/unraisableexception.cpython-313.pyc
/home/edge-host/Documents/GitHub/Theoretically_Driven_LLM_Planning/.venv/lib/python3.13/site-packages/_pytest/__pycache__/warning_types.cpython-313.pyc
/home/edge-host/Documents/GitHub/Theoretically_Driven_LLM_Planning/.venv/lib/python3.13/site-packages/_pytest/__pycache__/warnings.cpython-313.pyc
/home/edge-host/Documents/GitHub/Theoretically_Driven_LLM_Planning/.venv/lib/python3.13/site-packages/_pytest/_code/__pycache__/__init__.cpython-313.pyc
/home/edge-host/Documents/GitHub/Theoretically_Driven_LLM_Planning/.venv/lib/python3.13/site-packages/_pytest/_code/__pycache__/code.cpython-313.pyc
/home/edge-host/Documents/GitHub/Theoretically_Driven_LLM_Planning/.venv/lib/python3.13/site-packages/_pytest/_code/__pycache__/source.cpython-313.pyc
/home/edge-host/Documents/GitHub/Theoretically_Driven_LLM_Planning/.venv/lib/python3.13/site-packages/_pytest/_io/__pycache__/__init__.cpython-313.pyc
/home/edge-host/Documents/GitHub/Theoretically_Driven_LLM_Planning/.venv/lib/python3.13/site-packages/_pytest/_io/__pycache__/pprint.cpython-313.pyc
/home/edge-host/Documents/GitHub/Theoretically_Driven_LLM_Planning/.venv/lib/python3.13/site-packages/_pytest/_io/__pycache__/saferepr.cpython-313.pyc
/home/edge-host/Documents/GitHub/Theoretically_Driven_LLM_Planning/.venv/lib/python3.13/site-packages/_pytest/_io/__pycache__/terminalwriter.cpython-313.pyc
/home/edge-host/Documents/GitHub/Theoretically_Driven_LLM_Planning/.venv/lib/python3.13/site-packages/_pytest/_io/__pycache__/wcwidth.cpython-313.pyc
/home/edge-host/Documents/GitHub/Theoretically_Driven_LLM_Planning/.venv/lib/python3.13/site-packages/_pytest/_py/__pycache__/__init__.cpython-313.pyc
/home/edge-host/Documents/GitHub/Theoretically_Driven_LLM_Planning/.venv/lib/python3.13/site-packages/_pytest/_py/__pycache__/error.cpython-313.pyc
/home/edge-host/Documents/GitHub/Theoretically_Driven_LLM_Planning/.venv/lib/python3.13/site-packages/_pytest/_py/__pycache__/path.cpython-313.pyc
/home/edge-host/Documents/GitHub/Theoretically_Driven_LLM_Planning/.venv/lib/python3.13/site-packages/_pytest/assertion/__pycache__/__init__.cpython-313.pyc
/home/edge-host/Documents/GitHub/Theoretically_Driven_LLM_Planning/.venv/lib/python3.13/site-packages/_pytest/assertion/__pycache__/_compare_any.cpython-313.pyc
/home/edge-host/Documents/GitHub/Theoretically_Driven_LLM_Planning/.venv/lib/python3.13/site-packages/_pytest/assertion/__pycache__/_compare_mapping.cpython-313.pyc
/home/edge-host/Documents/GitHub/Theoretically_Driven_LLM_Planning/.venv/lib/python3.13/site-packages/_pytest/assertion/__pycache__/_compare_sequence.cpython-313.pyc
/home/edge-host/Documents/GitHub/Theoretically_Driven_LLM_Planning/.venv/lib/python3.13/site-packages/_pytest/assertion/__pycache__/_compare_set.cpython-313.pyc
/home/edge-host/Documents/GitHub/Theoretically_Driven_LLM_Planning/.venv/lib/python3.13/site-packages/_pytest/assertion/__pycache__/_guards.cpython-313.pyc
/home/edge-host/Documents/GitHub/Theoretically_Driven_LLM_Planning/.venv/lib/python3.13/site-packages/_pytest/assertion/__pycache__/_typing.cpython-313.pyc
/home/edge-host/Documents/GitHub/Theoretically_Driven_LLM_Planning/.venv/lib/python3.13/site-packages/_pytest/assertion/__pycache__/compare_text.cpython-313.pyc
/home/edge-host/Documents/GitHub/Theoretically_Driven_LLM_Planning/.venv/lib/python3.13/site-packages/_pytest/assertion/__pycache__/highlight.cpython-313.pyc
/home/edge-host/Documents/GitHub/Theoretically_Driven_LLM_Planning/.venv/lib/python3.13/site-packages/_pytest/assertion/__pycache__/rewrite.cpython-313.pyc
/home/edge-host/Documents/GitHub/Theoretically_Driven_LLM_Planning/.venv/lib/python3.13/site-packages/_pytest/assertion/__pycache__/truncate.cpython-313.pyc
/home/edge-host/Documents/GitHub/Theoretically_Driven_LLM_Planning/.venv/lib/python3.13/site-packages/_pytest/assertion/__pycache__/util.cpython-313.pyc
/home/edge-host/Documents/GitHub/Theoretically_Driven_LLM_Planning/.venv/lib/python3.13/site-packages/_pytest/config/__pycache__/__init__.cpython-313.pyc
/home/edge-host/Documents/GitHub/Theoretically_Driven_LLM_Planning/.venv/lib/python3.13/site-packages/_pytest/config/__pycache__/argparsing.cpython-313.pyc
/home/edge-host/Documents/GitHub/Theoretically_Driven_LLM_Planning/.venv/lib/python3.13/site-packages/_pytest/config/__pycache__/exceptions.cpython-313.pyc
/home/edge-host/Documents/GitHub/Theoretically_Driven_LLM_Planning/.venv/lib/python3.13/site-packages/_pytest/config/__pycache__/findpaths.cpython-313.pyc
/home/edge-host/Documents/GitHub/Theoretically_Driven_LLM_Planning/.venv/lib/python3.13/site-packages/_pytest/mark/__pycache__/__init__.cpython-313.pyc
/home/edge-host/Documents/GitHub/Theoretically_Driven_LLM_Planning/.venv/lib/python3.13/site-packages/_pytest/mark/__pycache__/expression.cpython-313.pyc
/home/edge-host/Documents/GitHub/Theoretically_Driven_LLM_Planning/.venv/lib/python3.13/site-packages/_pytest/mark/__pycache__/structures.cpython-313.pyc
/home/edge-host/Documents/GitHub/Theoretically_Driven_LLM_Planning/.venv/lib/python3.13/site-packages/annotated_types-0.8.0.dist-info/entry_points.txt
/home/edge-host/Documents/GitHub/Theoretically_Driven_LLM_Planning/.venv/lib/python3.13/site-packages/annotated_types/__pycache__/__init__.cpython-313.pyc
/home/edge-host/Documents/GitHub/Theoretically_Driven_LLM_Planning/.venv/lib/python3.13/site-packages/anyio-4.14.2.dist-info/RECORD
/home/edge-host/Documents/GitHub/Theoretically_Driven_LLM_Planning/.venv/lib/python3.13/site-packages/anyio-4.14.2.dist-info/entry_points.txt
/home/edge-host/Documents/GitHub/Theoretically_Driven_LLM_Planning/.venv/lib/python3.13/site-packages/anyio/__pycache__/__init__.cpython-313-pytest-9.1.1.pyc
/home/edge-host/Documents/GitHub/Theoretically_Driven_LLM_Planning/.venv/lib/python3.13/site-packages/anyio/__pycache__/from_thread.cpython-313-pytest-9.1.1.pyc
/home/edge-host/Documents/GitHub/Theoretically_Driven_LLM_Planning/.venv/lib/python3.13/site-packages/anyio/__pycache__/lowlevel.cpython-313-pytest-9.1.1.pyc
/home/edge-host/Documents/GitHub/Theoretically_Driven_LLM_Planning/.venv/lib/python3.13/site-packages/anyio/__pycache__/pytest_plugin.cpython-313-pytest-9.1.1.pyc
/home/edge-host/Documents/GitHub/Theoretically_Driven_LLM_Planning/.venv/lib/python3.13/site-packages/anyio/__pycache__/to_thread.cpython-313-pytest-9.1.1.pyc
/home/edge-host/Documents/GitHub/Theoretically_Driven_LLM_Planning/.venv/lib/python3.13/site-packages/anyio/_backends/__pycache__/__init__.cpython-313-pytest-9.1.1.pyc
/home/edge-host/Documents/GitHub/Theoretically_Driven_LLM_Planning/.venv/lib/python3.13/site-packages/anyio/_backends/__pycache__/_asyncio.cpython-313-pytest-9.1.1.pyc
/home/edge-host/Documents/GitHub/Theoretically_Driven_LLM_Planning/.venv/lib/python3.13/site-packages/anyio/_backends/__pycache__/_trio.cpython-313-pytest-9.1.1.pyc
/home/edge-host/Documents/GitHub/Theoretically_Driven_LLM_Planning/.venv/lib/python3.13/site-packages/anyio/_core/__pycache__/__init__.cpython-313-pytest-9.1.1.pyc
/home/edge-host/Documents/GitHub/Theoretically_Driven_LLM_Planning/.venv/lib/python3.13/site-packages/anyio/_core/__pycache__/_contextmanagers.cpython-313-pytest-9.1.1.pyc
/home/edge-host/Documents/GitHub/Theoretically_Driven_LLM_Planning/.venv/lib/python3.13/site-packages/anyio/_core/__pycache__/_eventloop.cpython-313-pytest-9.1.1.pyc
/home/edge-host/Documents/GitHub/Theoretically_Driven_LLM_Planning/.venv/lib/python3.13/site-packages/anyio/_core/__pycache__/_exceptions.cpython-313-pytest-9.1.1.pyc
/home/edge-host/Documents/GitHub/Theoretically_Driven_LLM_Planning/.venv/lib/python3.13/site-packages/anyio/_core/__pycache__/_fileio.cpython-313-pytest-9.1.1.pyc
/home/edge-host/Documents/GitHub/Theoretically_Driven_LLM_Planning/.venv/lib/python3.13/site-packages/anyio/_core/__pycache__/_resources.cpython-313-pytest-9.1.1.pyc
/home/edge-host/Documents/GitHub/Theoretically_Driven_LLM_Planning/.venv/lib/python3.13/site-packages/anyio/_core/__pycache__/_signals.cpython-313-pytest-9.1.1.pyc
/home/edge-host/Documents/GitHub/Theoretically_Driven_LLM_Planning/.venv/lib/python3.13/site-packages/anyio/_core/__pycache__/_sockets.cpython-313-pytest-9.1.1.pyc
/home/edge-host/Documents/GitHub/Theoretically_Driven_LLM_Planning/.venv/lib/python3.13/site-packages/anyio/_core/__pycache__/_streams.cpython-313-pytest-9.1.1.pyc
/home/edge-host/Documents/GitHub/Theoretically_Driven_LLM_Planning/.venv/lib/python3.13/site-packages/anyio/_core/__pycache__/_subprocesses.cpython-313-pytest-9.1.1.pyc
/home/edge-host/Documents/GitHub/Theoretically_Driven_LLM_Planning/.venv/lib/python3.13/site-packages/anyio/_core/__pycache__/_synchronization.cpython-313-pytest-9.1.1.pyc
/home/edge-host/Documents/GitHub/Theoretically_Driven_LLM_Planning/.venv/lib/python3.13/site-packages/anyio/_core/__pycache__/_tasks.cpython-313-pytest-9.1.1.pyc
/home/edge-host/Documents/GitHub/Theoretically_Driven_LLM_Planning/.venv/lib/python3.13/site-packages/anyio/_core/__pycache__/_tempfile.cpython-313-pytest-9.1.1.pyc
/home/edge-host/Documents/GitHub/Theoretically_Driven_LLM_Planning/.venv/lib/python3.13/site-packages/anyio/_core/__pycache__/_testing.cpython-313-pytest-9.1.1.pyc
/home/edge-host/Documents/GitHub/Theoretically_Driven_LLM_Planning/.venv/lib/python3.13/site-packages/anyio/_core/__pycache__/_typedattr.cpython-313-pytest-9.1.1.pyc
/home/edge-host/Documents/GitHub/Theoretically_Driven_LLM_Planning/.venv/lib/python3.13/site-packages/anyio/abc/__pycache__/__init__.cpython-313-pytest-9.1.1.pyc
/home/edge-host/Documents/GitHub/Theoretically_Driven_LLM_Planning/.venv/lib/python3.13/site-packages/anyio/abc/__pycache__/_eventloop.cpython-313-pytest-9.1.1.pyc
/home/edge-host/Documents/GitHub/Theoretically_Driven_LLM_Planning/.venv/lib/python3.13/site-packages/anyio/abc/__pycache__/_resources.cpython-313-pytest-9.1.1.pyc
/home/edge-host/Documents/GitHub/Theoretically_Driven_LLM_Planning/.venv/lib/python3.13/site-packages/anyio/abc/__pycache__/_sockets.cpython-313-pytest-9.1.1.pyc
/home/edge-host/Documents/GitHub/Theoretically_Driven_LLM_Planning/.venv/lib/python3.13/site-packages/anyio/abc/__pycache__/_streams.cpython-313-pytest-9.1.1.pyc
/home/edge-host/Documents/GitHub/Theoretically_Driven_LLM_Planning/.venv/lib/python3.13/site-packages/anyio/abc/__pycache__/_subprocesses.cpython-313-pytest-9.1.1.pyc
/home/edge-host/Documents/GitHub/Theoretically_Driven_LLM_Planning/.venv/lib/python3.13/site-packages/anyio/abc/__pycache__/_tasks.cpython-313-pytest-9.1.1.pyc
/home/edge-host/Documents/GitHub/Theoretically_Driven_LLM_Planning/.venv/lib/python3.13/site-packages/anyio/abc/__pycache__/_testing.cpython-313-pytest-9.1.1.pyc
/home/edge-host/Documents/GitHub/Theoretically_Driven_LLM_Planning/.venv/lib/python3.13/site-packages/anyio/streams/__pycache__/__init__.cpython-313-pytest-9.1.1.pyc
/home/edge-host/Documents/GitHub/Theoretically_Driven_LLM_Planning/.venv/lib/python3.13/site-packages/anyio/streams/__pycache__/file.cpython-313-pytest-9.1.1.pyc
/home/edge-host/Documents/GitHub/Theoretically_Driven_LLM_Planning/.venv/lib/python3.13/site-packages/anyio/streams/__pycache__/memory.cpython-313-pytest-9.1.1.pyc
/home/edge-host/Documents/GitHub/Theoretically_Driven_LLM_Planning/.venv/lib/python3.13/site-packages/anyio/streams/__pycache__/stapled.cpython-313-pytest-9.1.1.pyc
/home/edge-host/Documents/GitHub/Theoretically_Driven_LLM_Planning/.venv/lib/python3.13/site-packages/anyio/streams/__pycache__/text.cpython-313-pytest-9.1.1.pyc
/home/edge-host/Documents/GitHub/Theoretically_Driven_LLM_Planning/.venv/lib/python3.13/site-packages/anyio/streams/__pycache__/tls.cpython-313-pytest-9.1.1.pyc
/home/edge-host/Documents/GitHub/Theoretically_Driven_LLM_Planning/.venv/lib/python3.13/site-packages/attr/__pycache__/__init__.cpython-313.pyc
/home/edge-host/Documents/GitHub/Theoretically_Driven_LLM_Planning/.venv/lib/python3.13/site-packages/attr/__pycache__/_cmp.cpython-313.pyc
/home/edge-host/Documents/GitHub/Theoretically_Driven_LLM_Planning/.venv/lib/python3.13/site-packages/attr/__pycache__/_compat.cpython-313.pyc
/home/edge-host/Documents/GitHub/Theoretically_Driven_LLM_Planning/.venv/lib/python3.13/site-packages/attr/__pycache__/_config.cpython-313.pyc
/home/edge-host/Documents/GitHub/Theoretically_Driven_LLM_Planning/.venv/lib/python3.13/site-packages/attr/__pycache__/_funcs.cpython-313.pyc
/home/edge-host/Documents/GitHub/Theoretically_Driven_LLM_Planning/.venv/lib/python3.13/site-packages/attr/__pycache__/_make.cpython-313.pyc
/home/edge-host/Documents/GitHub/Theoretically_Driven_LLM_Planning/.venv/lib/python3.13/site-packages/attr/__pycache__/_next_gen.cpython-313.pyc
/home/edge-host/Documents/GitHub/Theoretically_Driven_LLM_Planning/.venv/lib/python3.13/site-packages/attr/__pycache__/_version_info.cpython-313.pyc
/home/edge-host/Documents/GitHub/Theoretically_Driven_LLM_Planning/.venv/lib/python3.13/site-packages/attr/__pycache__/converters.cpython-313.pyc
/home/edge-host/Documents/GitHub/Theoretically_Driven_LLM_Planning/.venv/lib/python3.13/site-packages/attr/__pycache__/exceptions.cpython-313.pyc
/home/edge-host/Documents/GitHub/Theoretically_Driven_LLM_Planning/.venv/lib/python3.13/site-packages/attr/__pycache__/filters.cpython-313.pyc
/home/edge-host/Documents/GitHub/Theoretically_Driven_LLM_Planning/.venv/lib/python3.13/site-packages/attr/__pycache__/setters.cpython-313.pyc
/home/edge-host/Documents/GitHub/Theoretically_Driven_LLM_Planning/.venv/lib/python3.13/site-packages/attr/__pycache__/validators.cpython-313.pyc
/home/edge-host/Documents/GitHub/Theoretically_Driven_LLM_Planning/.venv/lib/python3.13/site-packages/attrs-26.1.0.dist-info/entry_points.txt
/home/edge-host/Documents/GitHub/Theoretically_Driven_LLM_Planning/.venv/lib/python3.13/site-packages/attrs/__pycache__/__init__.cpython-313.pyc
/home/edge-host/Documents/GitHub/Theoretically_Driven_LLM_Planning/.venv/lib/python3.13/site-packages/attrs/__pycache__/converters.cpython-313.pyc
/home/edge-host/Documents/GitHub/Theoretically_Driven_LLM_Planning/.venv/lib/python3.13/site-packages/attrs/__pycache__/exceptions.cpython-313.pyc
/home/edge-host/Documents/GitHub/Theoretically_Driven_LLM_Planning/.venv/lib/python3.13/site-packages/attrs/__pycache__/filters.cpython-313.pyc
/home/edge-host/Documents/GitHub/Theoretically_Driven_LLM_Planning/.venv/lib/python3.13/site-packages/attrs/__pycache__/setters.cpython-313.pyc
/home/edge-host/Documents/GitHub/Theoretically_Driven_LLM_Planning/.venv/lib/python3.13/site-packages/attrs/__pycache__/validators.cpython-313.pyc
/home/edge-host/Documents/GitHub/Theoretically_Driven_LLM_Planning/.venv/lib/python3.13/site-packages/certifi-2026.7.22.dist-info/entry_points.txt
/home/edge-host/Documents/GitHub/Theoretically_Driven_LLM_Planning/.venv/lib/python3.13/site-packages/cffi-2.1.1.dist-info/entry_points.txt
/home/edge-host/Documents/GitHub/Theoretically_Driven_LLM_Planning/.venv/lib/python3.13/site-packages/click-8.5.0.dist-info/entry_points.txt
/home/edge-host/Documents/GitHub/Theoretically_Driven_LLM_Planning/.venv/lib/python3.13/site-packages/click/__pycache__/__init__.cpython-313.pyc
/home/edge-host/Documents/GitHub/Theoretically_Driven_LLM_Planning/.venv/lib/python3.13/site-packages/click/__pycache__/_compat.cpython-313.pyc
/home/edge-host/Documents/GitHub/Theoretically_Driven_LLM_Planning/.venv/lib/python3.13/site-packages/click/__pycache__/_utils.cpython-313.pyc
/home/edge-host/Documents/GitHub/Theoretically_Driven_LLM_Planning/.venv/lib/python3.13/site-packages/click/__pycache__/core.cpython-313.pyc
/home/edge-host/Documents/GitHub/Theoretically_Driven_LLM_Planning/.venv/lib/python3.13/site-packages/click/__pycache__/decorators.cpython-313.pyc
/home/edge-host/Documents/GitHub/Theoretically_Driven_LLM_Planning/.venv/lib/python3.13/site-packages/click/__pycache__/exceptions.cpython-313.pyc
/home/edge-host/Documents/GitHub/Theoretically_Driven_LLM_Planning/.venv/lib/python3.13/site-packages/click/__pycache__/formatting.cpython-313.pyc
/home/edge-host/Documents/GitHub/Theoretically_Driven_LLM_Planning/.venv/lib/python3.13/site-packages/click/__pycache__/globals.cpython-313.pyc
/home/edge-host/Documents/GitHub/Theoretically_Driven_LLM_Planning/.venv/lib/python3.13/site-packages/click/__pycache__/parser.cpython-313.pyc
/home/edge-host/Documents/GitHub/Theoretically_Driven_LLM_Planning/.venv/lib/python3.13/site-packages/click/__pycache__/termui.cpython-313.pyc
/home/edge-host/Documents/GitHub/Theoretically_Driven_LLM_Planning/.venv/lib/python3.13/site-packages/click/__pycache__/types.cpython-313.pyc
/home/edge-host/Documents/GitHub/Theoretically_Driven_LLM_Planning/.venv/lib/python3.13/site-packages/click/__pycache__/utils.cpython-313.pyc
/home/edge-host/Documents/GitHub/Theoretically_Driven_LLM_Planning/.venv/lib/python3.13/site-packages/component_belief_mcp-0.1.0.dist-info/entry_points.txt
/home/edge-host/Documents/GitHub/Theoretically_Driven_LLM_Planning/.venv/lib/python3.13/site-packages/cryptography-50.0.1.dist-info/entry_points.txt
/home/edge-host/Documents/GitHub/Theoretically_Driven_LLM_Planning/.venv/lib/python3.13/site-packages/dotenv/__pycache__/__init__.cpython-313.pyc
/home/edge-host/Documents/GitHub/Theoretically_Driven_LLM_Planning/.venv/lib/python3.13/site-packages/dotenv/__pycache__/main.cpython-313.pyc
/home/edge-host/Documents/GitHub/Theoretically_Driven_LLM_Planning/.venv/lib/python3.13/site-packages/dotenv/__pycache__/parser.cpython-313.pyc
/home/edge-host/Documents/GitHub/Theoretically_Driven_LLM_Planning/.venv/lib/python3.13/site-packages/dotenv/__pycache__/variables.cpython-313.pyc
/home/edge-host/Documents/GitHub/Theoretically_Driven_LLM_Planning/.venv/lib/python3.13/site-packages/h11-0.16.0.dist-info/entry_points.txt
/home/edge-host/Documents/GitHub/Theoretically_Driven_LLM_Planning/.venv/lib/python3.13/site-packages/httpcore-1.0.9.dist-info/entry_points.txt
/home/edge-host/Documents/GitHub/Theoretically_Driven_LLM_Planning/.venv/lib/python3.13/site-packages/httpx-0.28.1.dist-info/entry_points.txt
/home/edge-host/Documents/GitHub/Theoretically_Driven_LLM_Planning/.venv/lib/python3.13/site-packages/httpx/__pycache__/__init__.cpython-313.pyc
/home/edge-host/Documents/GitHub/Theoretically_Driven_LLM_Planning/.venv/lib/python3.13/site-packages/httpx/__pycache__/__version__.cpython-313.pyc
/home/edge-host/Documents/GitHub/Theoretically_Driven_LLM_Planning/.venv/lib/python3.13/site-packages/httpx/__pycache__/_api.cpython-313.pyc
/home/edge-host/Documents/GitHub/Theoretically_Driven_LLM_Planning/.venv/lib/python3.13/site-packages/httpx/__pycache__/_auth.cpython-313.pyc
/home/edge-host/Documents/GitHub/Theoretically_Driven_LLM_Planning/.venv/lib/python3.13/site-packages/httpx/__pycache__/_client.cpython-313.pyc
/home/edge-host/Documents/GitHub/Theoretically_Driven_LLM_Planning/.venv/lib/python3.13/site-packages/httpx/__pycache__/_config.cpython-313.pyc
/home/edge-host/Documents/GitHub/Theoretically_Driven_LLM_Planning/.venv/lib/python3.13/site-packages/httpx/__pycache__/_content.cpython-313.pyc
/home/edge-host/Documents/GitHub/Theoretically_Driven_LLM_Planning/.venv/lib/python3.13/site-packages/httpx/__pycache__/_decoders.cpython-313.pyc
/home/edge-host/Documents/GitHub/Theoretically_Driven_LLM_Planning/.venv/lib/python3.13/site-packages/httpx/__pycache__/_exceptions.cpython-313.pyc
/home/edge-host/Documents/GitHub/Theoretically_Driven_LLM_Planning/.venv/lib/python3.13/site-packages/httpx/__pycache__/_main.cpython-313.pyc
/home/edge-host/Documents/GitHub/Theoretically_Driven_LLM_Planning/.venv/lib/python3.13/site-packages/httpx/__pycache__/_models.cpython-313.pyc
/home/edge-host/Documents/GitHub/Theoretically_Driven_LLM_Planning/.venv/lib/python3.13/site-packages/httpx/__pycache__/_multipart.cpython-313.pyc
/home/edge-host/Documents/GitHub/Theoretically_Driven_LLM_Planning/.venv/lib/python3.13/site-packages/httpx/__pycache__/_status_codes.cpython-313.pyc
/home/edge-host/Documents/GitHub/Theoretically_Driven_LLM_Planning/.venv/lib/python3.13/site-packages/httpx/__pycache__/_types.cpython-313.pyc
/home/edge-host/Documents/GitHub/Theoretically_Driven_LLM_Planning/.venv/lib/python3.13/site-packages/httpx/__pycache__/_urlparse.cpython-313.pyc
/home/edge-host/Documents/GitHub/Theoretically_Driven_LLM_Planning/.venv/lib/python3.13/site-packages/httpx/__pycache__/_urls.cpython-313.pyc
/home/edge-host/Documents/GitHub/Theoretically_Driven_LLM_Planning/.venv/lib/python3.13/site-packages/httpx/__pycache__/_utils.cpython-313.pyc
/home/edge-host/Documents/GitHub/Theoretically_Driven_LLM_Planning/.venv/lib/python3.13/site-packages/httpx/_transports/__pycache__/__init__.cpython-313.pyc
/home/edge-host/Documents/GitHub/Theoretically_Driven_LLM_Planning/.venv/lib/python3.13/site-packages/httpx/_transports/__pycache__/asgi.cpython-313.pyc
/home/edge-host/Documents/GitHub/Theoretically_Driven_LLM_Planning/.venv/lib/python3.13/site-packages/httpx/_transports/__pycache__/base.cpython-313.pyc
/home/edge-host/Documents/GitHub/Theoretically_Driven_LLM_Planning/.venv/lib/python3.13/site-packages/httpx/_transports/__pycache__/default.cpython-313.pyc
/home/edge-host/Documents/GitHub/Theoretically_Driven_LLM_Planning/.venv/lib/python3.13/site-packages/httpx/_transports/__pycache__/mock.cpython-313.pyc
/home/edge-host/Documents/GitHub/Theoretically_Driven_LLM_Planning/.venv/lib/python3.13/site-packages/httpx/_transports/__pycache__/wsgi.cpython-313.pyc
/home/edge-host/Documents/GitHub/Theoretically_Driven_LLM_Planning/.venv/lib/python3.13/site-packages/httpx_sse-0.4.3.dist-info/entry_points.txt
/home/edge-host/Documents/GitHub/Theoretically_Driven_LLM_Planning/.venv/lib/python3.13/site-packages/httpx_sse/__pycache__/__init__.cpython-313.pyc
/home/edge-host/Documents/GitHub/Theoretically_Driven_LLM_Planning/.venv/lib/python3.13/site-packages/httpx_sse/__pycache__/_api.cpython-313.pyc
/home/edge-host/Documents/GitHub/Theoretically_Driven_LLM_Planning/.venv/lib/python3.13/site-packages/httpx_sse/__pycache__/_decoders.cpython-313.pyc
/home/edge-host/Documents/GitHub/Theoretically_Driven_LLM_Planning/.venv/lib/python3.13/site-packages/httpx_sse/__pycache__/_exceptions.cpython-313.pyc
/home/edge-host/Documents/GitHub/Theoretically_Driven_LLM_Planning/.venv/lib/python3.13/site-packages/httpx_sse/__pycache__/_models.cpython-313.pyc
/home/edge-host/Documents/GitHub/Theoretically_Driven_LLM_Planning/.venv/lib/python3.13/site-packages/idna-3.19.dist-info/entry_points.txt
/home/edge-host/Documents/GitHub/Theoretically_Driven_LLM_Planning/.venv/lib/python3.13/site-packages/idna/__pycache__/__init__.cpython-313.pyc
/home/edge-host/Documents/GitHub/Theoretically_Driven_LLM_Planning/.venv/lib/python3.13/site-packages/idna/__pycache__/core.cpython-313.pyc
/home/edge-host/Documents/GitHub/Theoretically_Driven_LLM_Planning/.venv/lib/python3.13/site-packages/idna/__pycache__/idnadata.cpython-313.pyc
/home/edge-host/Documents/GitHub/Theoretically_Driven_LLM_Planning/.venv/lib/python3.13/site-packages/idna/__pycache__/intranges.cpython-313.pyc
/home/edge-host/Documents/GitHub/Theoretically_Driven_LLM_Planning/.venv/lib/python3.13/site-packages/idna/__pycache__/package_data.cpython-313.pyc
/home/edge-host/Documents/GitHub/Theoretically_Driven_LLM_Planning/.venv/lib/python3.13/site-packages/iniconfig-2.3.0.dist-info/entry_points.txt
/home/edge-host/Documents/GitHub/Theoretically_Driven_LLM_Planning/.venv/lib/python3.13/site-packages/iniconfig/__pycache__/__init__.cpython-313.pyc
/home/edge-host/Documents/GitHub/Theoretically_Driven_LLM_Planning/.venv/lib/python3.13/site-packages/iniconfig/__pycache__/_parse.cpython-313.pyc
/home/edge-host/Documents/GitHub/Theoretically_Driven_LLM_Planning/.venv/lib/python3.13/site-packages/iniconfig/__pycache__/exceptions.cpython-313.pyc
/home/edge-host/Documents/GitHub/Theoretically_Driven_LLM_Planning/.venv/lib/python3.13/site-packages/jsonschema-4.26.0.dist-info/entry_points.txt
/home/edge-host/Documents/GitHub/Theoretically_Driven_LLM_Planning/.venv/lib/python3.13/site-packages/jsonschema/__pycache__/__init__.cpython-313.pyc
/home/edge-host/Documents/GitHub/Theoretically_Driven_LLM_Planning/.venv/lib/python3.13/site-packages/jsonschema/__pycache__/_format.cpython-313.pyc
/home/edge-host/Documents/GitHub/Theoretically_Driven_LLM_Planning/.venv/lib/python3.13/site-packages/jsonschema/__pycache__/_keywords.cpython-313.pyc
/home/edge-host/Documents/GitHub/Theoretically_Driven_LLM_Planning/.venv/lib/python3.13/site-packages/jsonschema/__pycache__/_legacy_keywords.cpython-313.pyc
/home/edge-host/Documents/GitHub/Theoretically_Driven_LLM_Planning/.venv/lib/python3.13/site-packages/jsonschema/__pycache__/_types.cpython-313.pyc
/home/edge-host/Documents/GitHub/Theoretically_Driven_LLM_Planning/.venv/lib/python3.13/site-packages/jsonschema/__pycache__/_typing.cpython-313.pyc
/home/edge-host/Documents/GitHub/Theoretically_Driven_LLM_Planning/.venv/lib/python3.13/site-packages/jsonschema/__pycache__/_utils.cpython-313.pyc
/home/edge-host/Documents/GitHub/Theoretically_Driven_LLM_Planning/.venv/lib/python3.13/site-packages/jsonschema/__pycache__/exceptions.cpython-313.pyc
/home/edge-host/Documents/GitHub/Theoretically_Driven_LLM_Planning/.venv/lib/python3.13/site-packages/jsonschema/__pycache__/protocols.cpython-313.pyc
/home/edge-host/Documents/GitHub/Theoretically_Driven_LLM_Planning/.venv/lib/python3.13/site-packages/jsonschema/__pycache__/validators.cpython-313.pyc
/home/edge-host/Documents/GitHub/Theoretically_Driven_LLM_Planning/.venv/lib/python3.13/site-packages/jsonschema_specifications-2025.9.1.dist-info/entry_points.txt
/home/edge-host/Documents/GitHub/Theoretically_Driven_LLM_Planning/.venv/lib/python3.13/site-packages/jsonschema_specifications/__pycache__/__init__.cpython-313.pyc
/home/edge-host/Documents/GitHub/Theoretically_Driven_LLM_Planning/.venv/lib/python3.13/site-packages/jsonschema_specifications/__pycache__/_core.cpython-313.pyc
/home/edge-host/Documents/GitHub/Theoretically_Driven_LLM_Planning/.venv/lib/python3.13/site-packages/jsonschema_specifications/schemas/draft201909/metaschema.json
/home/edge-host/Documents/GitHub/Theoretically_Driven_LLM_Planning/.venv/lib/python3.13/site-packages/jsonschema_specifications/schemas/draft201909/vocabularies/applicator
/home/edge-host/Documents/GitHub/Theoretically_Driven_LLM_Planning/.venv/lib/python3.13/site-packages/jsonschema_specifications/schemas/draft201909/vocabularies/content
/home/edge-host/Documents/GitHub/Theoretically_Driven_LLM_Planning/.venv/lib/python3.13/site-packages/jsonschema_specifications/schemas/draft201909/vocabularies/core
/home/edge-host/Documents/GitHub/Theoretically_Driven_LLM_Planning/.venv/lib/python3.13/site-packages/jsonschema_specifications/schemas/draft201909/vocabularies/format
/home/edge-host/Documents/GitHub/Theoretically_Driven_LLM_Planning/.venv/lib/python3.13/site-packages/jsonschema_specifications/schemas/draft201909/vocabularies/meta-data
/home/edge-host/Documents/GitHub/Theoretically_Driven_LLM_Planning/.venv/lib/python3.13/site-packages/jsonschema_specifications/schemas/draft201909/vocabularies/validation
/home/edge-host/Documents/GitHub/Theoretically_Driven_LLM_Planning/.venv/lib/python3.13/site-packages/jsonschema_specifications/schemas/draft202012/metaschema.json
/home/edge-host/Documents/GitHub/Theoretically_Driven_LLM_Planning/.venv/lib/python3.13/site-packages/jsonschema_specifications/schemas/draft202012/vocabularies/applicator
/home/edge-host/Documents/GitHub/Theoretically_Driven_LLM_Planning/.venv/lib/python3.13/site-packages/jsonschema_specifications/schemas/draft202012/vocabularies/content
/home/edge-host/Documents/GitHub/Theoretically_Driven_LLM_Planning/.venv/lib/python3.13/site-packages/jsonschema_specifications/schemas/draft202012/vocabularies/core
/home/edge-host/Documents/GitHub/Theoretically_Driven_LLM_Planning/.venv/lib/python3.13/site-packages/jsonschema_specifications/schemas/draft202012/vocabularies/format-annotation
/home/edge-host/Documents/GitHub/Theoretically_Driven_LLM_Planning/.venv/lib/python3.13/site-packages/jsonschema_specifications/schemas/draft202012/vocabularies/format-assertion
/home/edge-host/Documents/GitHub/Theoretically_Driven_LLM_Planning/.venv/lib/python3.13/site-packages/jsonschema_specifications/schemas/draft202012/vocabularies/meta-data
/home/edge-host/Documents/GitHub/Theoretically_Driven_LLM_Planning/.venv/lib/python3.13/site-packages/jsonschema_specifications/schemas/draft202012/vocabularies/unevaluated
/home/edge-host/Documents/GitHub/Theoretically_Driven_LLM_Planning/.venv/lib/python3.13/site-packages/jsonschema_specifications/schemas/draft202012/vocabularies/validation
/home/edge-host/Documents/GitHub/Theoretically_Driven_LLM_Planning/.venv/lib/python3.13/site-packages/jsonschema_specifications/schemas/draft3/metaschema.json
/home/edge-host/Documents/GitHub/Theoretically_Driven_LLM_Planning/.venv/lib/python3.13/site-packages/jsonschema_specifications/schemas/draft4/metaschema.json
/home/edge-host/Documents/GitHub/Theoretically_Driven_LLM_Planning/.venv/lib/python3.13/site-packages/jsonschema_specifications/schemas/draft6/metaschema.json
/home/edge-host/Documents/GitHub/Theoretically_Driven_LLM_Planning/.venv/lib/python3.13/site-packages/jsonschema_specifications/schemas/draft7/metaschema.json
/home/edge-host/Documents/GitHub/Theoretically_Driven_LLM_Planning/.venv/lib/python3.13/site-packages/mcp-1.29.1.dist-info/METADATA
/home/edge-host/Documents/GitHub/Theoretically_Driven_LLM_Planning/.venv/lib/python3.13/site-packages/mcp-1.29.1.dist-info/entry_points.txt
/home/edge-host/Documents/GitHub/Theoretically_Driven_LLM_Planning/.venv/lib/python3.13/site-packages/mcp/__pycache__/__init__.cpython-313.pyc
/home/edge-host/Documents/GitHub/Theoretically_Driven_LLM_Planning/.venv/lib/python3.13/site-packages/mcp/__pycache__/types.cpython-313.pyc
/home/edge-host/Documents/GitHub/Theoretically_Driven_LLM_Planning/.venv/lib/python3.13/site-packages/mcp/client/__pycache__/__init__.cpython-313.pyc
/home/edge-host/Documents/GitHub/Theoretically_Driven_LLM_Planning/.venv/lib/python3.13/site-packages/mcp/client/__pycache__/session.cpython-313.pyc
/home/edge-host/Documents/GitHub/Theoretically_Driven_LLM_Planning/.venv/lib/python3.13/site-packages/mcp/client/__pycache__/session_group.cpython-313.pyc
/home/edge-host/Documents/GitHub/Theoretically_Driven_LLM_Planning/.venv/lib/python3.13/site-packages/mcp/client/__pycache__/sse.cpython-313.pyc
/home/edge-host/Documents/GitHub/Theoretically_Driven_LLM_Planning/.venv/lib/python3.13/site-packages/mcp/client/__pycache__/streamable_http.cpython-313.pyc
/home/edge-host/Documents/GitHub/Theoretically_Driven_LLM_Planning/.venv/lib/python3.13/site-packages/mcp/client/experimental/__pycache__/__init__.cpython-313.pyc
/home/edge-host/Documents/GitHub/Theoretically_Driven_LLM_Planning/.venv/lib/python3.13/site-packages/mcp/client/experimental/__pycache__/task_handlers.cpython-313.pyc
/home/edge-host/Documents/GitHub/Theoretically_Driven_LLM_Planning/.venv/lib/python3.13/site-packages/mcp/client/experimental/__pycache__/tasks.cpython-313.pyc
/home/edge-host/Documents/GitHub/Theoretically_Driven_LLM_Planning/.venv/lib/python3.13/site-packages/mcp/client/stdio/__pycache__/__init__.cpython-313.pyc
/home/edge-host/Documents/GitHub/Theoretically_Driven_LLM_Planning/.venv/lib/python3.13/site-packages/mcp/os/__pycache__/__init__.cpython-313.pyc
/home/edge-host/Documents/GitHub/Theoretically_Driven_LLM_Planning/.venv/lib/python3.13/site-packages/mcp/os/posix/__pycache__/__init__.cpython-313.pyc
/home/edge-host/Documents/GitHub/Theoretically_Driven_LLM_Planning/.venv/lib/python3.13/site-packages/mcp/os/posix/__pycache__/utilities.cpython-313.pyc
/home/edge-host/Documents/GitHub/Theoretically_Driven_LLM_Planning/.venv/lib/python3.13/site-packages/mcp/os/win32/__pycache__/__init__.cpython-313.pyc
/home/edge-host/Documents/GitHub/Theoretically_Driven_LLM_Planning/.venv/lib/python3.13/site-packages/mcp/os/win32/__pycache__/utilities.cpython-313.pyc
/home/edge-host/Documents/GitHub/Theoretically_Driven_LLM_Planning/.venv/lib/python3.13/site-packages/mcp/server/__pycache__/__init__.cpython-313.pyc
/home/edge-host/Documents/GitHub/Theoretically_Driven_LLM_Planning/.venv/lib/python3.13/site-packages/mcp/server/__pycache__/elicitation.cpython-313.pyc
/home/edge-host/Documents/GitHub/Theoretically_Driven_LLM_Planning/.venv/lib/python3.13/site-packages/mcp/server/__pycache__/models.cpython-313.pyc
/home/edge-host/Documents/GitHub/Theoretically_Driven_LLM_Planning/.venv/lib/python3.13/site-packages/mcp/server/__pycache__/session.cpython-313.pyc
/home/edge-host/Documents/GitHub/Theoretically_Driven_LLM_Planning/.venv/lib/python3.13/site-packages/mcp/server/__pycache__/sse.cpython-313.pyc
/home/edge-host/Documents/GitHub/Theoretically_Driven_LLM_Planning/.venv/lib/python3.13/site-packages/mcp/server/__pycache__/stdio.cpython-313.pyc
/home/edge-host/Documents/GitHub/Theoretically_Driven_LLM_Planning/.venv/lib/python3.13/site-packages/mcp/server/__pycache__/streamable_http.cpython-313.pyc
/home/edge-host/Documents/GitHub/Theoretically_Driven_LLM_Planning/.venv/lib/python3.13/site-packages/mcp/server/__pycache__/streamable_http_manager.cpython-313.pyc
/home/edge-host/Documents/GitHub/Theoretically_Driven_LLM_Planning/.venv/lib/python3.13/site-packages/mcp/server/__pycache__/transport_security.cpython-313.pyc
/home/edge-host/Documents/GitHub/Theoretically_Driven_LLM_Planning/.venv/lib/python3.13/site-packages/mcp/server/__pycache__/validation.cpython-313.pyc
/home/edge-host/Documents/GitHub/Theoretically_Driven_LLM_Planning/.venv/lib/python3.13/site-packages/mcp/server/auth/__pycache__/__init__.cpython-313.pyc
/home/edge-host/Documents/GitHub/Theoretically_Driven_LLM_Planning/.venv/lib/python3.13/site-packages/mcp/server/auth/__pycache__/provider.cpython-313.pyc
/home/edge-host/Documents/GitHub/Theoretically_Driven_LLM_Planning/.venv/lib/python3.13/site-packages/mcp/server/auth/__pycache__/settings.cpython-313.pyc
/home/edge-host/Documents/GitHub/Theoretically_Driven_LLM_Planning/.venv/lib/python3.13/site-packages/mcp/server/auth/middleware/__pycache__/__init__.cpython-313.pyc
/home/edge-host/Documents/GitHub/Theoretically_Driven_LLM_Planning/.venv/lib/python3.13/site-packages/mcp/server/auth/middleware/__pycache__/auth_context.cpython-313.pyc
/home/edge-host/Documents/GitHub/Theoretically_Driven_LLM_Planning/.venv/lib/python3.13/site-packages/mcp/server/auth/middleware/__pycache__/bearer_auth.cpython-313.pyc
/home/edge-host/Documents/GitHub/Theoretically_Driven_LLM_Planning/.venv/lib/python3.13/site-packages/mcp/server/experimental/__pycache__/__init__.cpython-313.pyc
/home/edge-host/Documents/GitHub/Theoretically_Driven_LLM_Planning/.venv/lib/python3.13/site-packages/mcp/server/experimental/__pycache__/request_context.cpython-313.pyc
/home/edge-host/Documents/GitHub/Theoretically_Driven_LLM_Planning/.venv/lib/python3.13/site-packages/mcp/server/experimental/__pycache__/session_features.cpython-313.pyc
/home/edge-host/Documents/GitHub/Theoretically_Driven_LLM_Planning/.venv/lib/python3.13/site-packages/mcp/server/experimental/__pycache__/task_context.cpython-313.pyc
/home/edge-host/Documents/GitHub/Theoretically_Driven_LLM_Planning/.venv/lib/python3.13/site-packages/mcp/server/experimental/__pycache__/task_result_handler.cpython-313.pyc
/home/edge-host/Documents/GitHub/Theoretically_Driven_LLM_Planning/.venv/lib/python3.13/site-packages/mcp/server/experimental/__pycache__/task_scope.cpython-313.pyc
/home/edge-host/Documents/GitHub/Theoretically_Driven_LLM_Planning/.venv/lib/python3.13/site-packages/mcp/server/experimental/__pycache__/task_support.cpython-313.pyc
/home/edge-host/Documents/GitHub/Theoretically_Driven_LLM_Planning/.venv/lib/python3.13/site-packages/mcp/server/fastmcp/__pycache__/__init__.cpython-313.pyc
/home/edge-host/Documents/GitHub/Theoretically_Driven_LLM_Planning/.venv/lib/python3.13/site-packages/mcp/server/fastmcp/__pycache__/exceptions.cpython-313.pyc
/home/edge-host/Documents/GitHub/Theoretically_Driven_LLM_Planning/.venv/lib/python3.13/site-packages/mcp/server/fastmcp/__pycache__/server.cpython-313.pyc
/home/edge-host/Documents/GitHub/Theoretically_Driven_LLM_Planning/.venv/lib/python3.13/site-packages/mcp/server/fastmcp/prompts/__pycache__/__init__.cpython-313.pyc
/home/edge-host/Documents/GitHub/Theoretically_Driven_LLM_Planning/.venv/lib/python3.13/site-packages/mcp/server/fastmcp/prompts/__pycache__/base.cpython-313.pyc
/home/edge-host/Documents/GitHub/Theoretically_Driven_LLM_Planning/.venv/lib/python3.13/site-packages/mcp/server/fastmcp/prompts/__pycache__/manager.cpython-313.pyc
/home/edge-host/Documents/GitHub/Theoretically_Driven_LLM_Planning/.venv/lib/python3.13/site-packages/mcp/server/fastmcp/resources/__pycache__/__init__.cpython-313.pyc
/home/edge-host/Documents/GitHub/Theoretically_Driven_LLM_Planning/.venv/lib/python3.13/site-packages/mcp/server/fastmcp/resources/__pycache__/base.cpython-313.pyc
/home/edge-host/Documents/GitHub/Theoretically_Driven_LLM_Planning/.venv/lib/python3.13/site-packages/mcp/server/fastmcp/resources/__pycache__/resource_manager.cpython-313.pyc
/home/edge-host/Documents/GitHub/Theoretically_Driven_LLM_Planning/.venv/lib/python3.13/site-packages/mcp/server/fastmcp/resources/__pycache__/templates.cpython-313.pyc
/home/edge-host/Documents/GitHub/Theoretically_Driven_LLM_Planning/.venv/lib/python3.13/site-packages/mcp/server/fastmcp/resources/__pycache__/types.cpython-313.pyc
/home/edge-host/Documents/GitHub/Theoretically_Driven_LLM_Planning/.venv/lib/python3.13/site-packages/mcp/server/fastmcp/tools/__pycache__/__init__.cpython-313.pyc
/home/edge-host/Documents/GitHub/Theoretically_Driven_LLM_Planning/.venv/lib/python3.13/site-packages/mcp/server/fastmcp/tools/__pycache__/base.cpython-313.pyc
/home/edge-host/Documents/GitHub/Theoretically_Driven_LLM_Planning/.venv/lib/python3.13/site-packages/mcp/server/fastmcp/tools/__pycache__/tool_manager.cpython-313.pyc
/home/edge-host/Documents/GitHub/Theoretically_Driven_LLM_Planning/.venv/lib/python3.13/site-packages/mcp/server/fastmcp/utilities/__pycache__/__init__.cpython-313.pyc
/home/edge-host/Documents/GitHub/Theoretically_Driven_LLM_Planning/.venv/lib/python3.13/site-packages/mcp/server/fastmcp/utilities/__pycache__/context_injection.cpython-313.pyc
/home/edge-host/Documents/GitHub/Theoretically_Driven_LLM_Planning/.venv/lib/python3.13/site-packages/mcp/server/fastmcp/utilities/__pycache__/func_metadata.cpython-313.pyc
/home/edge-host/Documents/GitHub/Theoretically_Driven_LLM_Planning/.venv/lib/python3.13/site-packages/mcp/server/fastmcp/utilities/__pycache__/logging.cpython-313.pyc
/home/edge-host/Documents/GitHub/Theoretically_Driven_LLM_Planning/.venv/lib/python3.13/site-packages/mcp/server/fastmcp/utilities/__pycache__/types.cpython-313.pyc
/home/edge-host/Documents/GitHub/Theoretically_Driven_LLM_Planning/.venv/lib/python3.13/site-packages/mcp/server/lowlevel/__pycache__/__init__.cpython-313.pyc
/home/edge-host/Documents/GitHub/Theoretically_Driven_LLM_Planning/.venv/lib/python3.13/site-packages/mcp/server/lowlevel/__pycache__/experimental.cpython-313.pyc
/home/edge-host/Documents/GitHub/Theoretically_Driven_LLM_Planning/.venv/lib/python3.13/site-packages/mcp/server/lowlevel/__pycache__/func_inspection.cpython-313.pyc
/home/edge-host/Documents/GitHub/Theoretically_Driven_LLM_Planning/.venv/lib/python3.13/site-packages/mcp/server/lowlevel/__pycache__/helper_types.cpython-313.pyc
/home/edge-host/Documents/GitHub/Theoretically_Driven_LLM_Planning/.venv/lib/python3.13/site-packages/mcp/server/lowlevel/__pycache__/server.cpython-313.pyc
/home/edge-host/Documents/GitHub/Theoretically_Driven_LLM_Planning/.venv/lib/python3.13/site-packages/mcp/shared/__pycache__/__init__.cpython-313.pyc
/home/edge-host/Documents/GitHub/Theoretically_Driven_LLM_Planning/.venv/lib/python3.13/site-packages/mcp/shared/__pycache__/_httpx_utils.cpython-313.pyc
/home/edge-host/Documents/GitHub/Theoretically_Driven_LLM_Planning/.venv/lib/python3.13/site-packages/mcp/shared/__pycache__/auth.cpython-313.pyc
/home/edge-host/Documents/GitHub/Theoretically_Driven_LLM_Planning/.venv/lib/python3.13/site-packages/mcp/shared/__pycache__/context.cpython-313.pyc
/home/edge-host/Documents/GitHub/Theoretically_Driven_LLM_Planning/.venv/lib/python3.13/site-packages/mcp/shared/__pycache__/exceptions.cpython-313.pyc
/home/edge-host/Documents/GitHub/Theoretically_Driven_LLM_Planning/.venv/lib/python3.13/site-packages/mcp/shared/__pycache__/message.cpython-313.pyc
/home/edge-host/Documents/GitHub/Theoretically_Driven_LLM_Planning/.venv/lib/python3.13/site-packages/mcp/shared/__pycache__/response_router.cpython-313.pyc
/home/edge-host/Documents/GitHub/Theoretically_Driven_LLM_Planning/.venv/lib/python3.13/site-packages/mcp/shared/__pycache__/session.cpython-313.pyc
/home/edge-host/Documents/GitHub/Theoretically_Driven_LLM_Planning/.venv/lib/python3.13/site-packages/mcp/shared/__pycache__/tool_name_validation.cpython-313.pyc
/home/edge-host/Documents/GitHub/Theoretically_Driven_LLM_Planning/.venv/lib/python3.13/site-packages/mcp/shared/__pycache__/version.cpython-313.pyc
/home/edge-host/Documents/GitHub/Theoretically_Driven_LLM_Planning/.venv/lib/python3.13/site-packages/mcp/shared/experimental/__pycache__/__init__.cpython-313.pyc
/home/edge-host/Documents/GitHub/Theoretically_Driven_LLM_Planning/.venv/lib/python3.13/site-packages/mcp/shared/experimental/tasks/__pycache__/__init__.cpython-313.pyc
/home/edge-host/Documents/GitHub/Theoretically_Driven_LLM_Planning/.venv/lib/python3.13/site-packages/mcp/shared/experimental/tasks/__pycache__/capabilities.cpython-313.pyc
/home/edge-host/Documents/GitHub/Theoretically_Driven_LLM_Planning/.venv/lib/python3.13/site-packages/mcp/shared/experimental/tasks/__pycache__/context.cpython-313.pyc
/home/edge-host/Documents/GitHub/Theoretically_Driven_LLM_Planning/.venv/lib/python3.13/site-packages/mcp/shared/experimental/tasks/__pycache__/helpers.cpython-313.pyc
/home/edge-host/Documents/GitHub/Theoretically_Driven_LLM_Planning/.venv/lib/python3.13/site-packages/mcp/shared/experimental/tasks/__pycache__/in_memory_task_store.cpython-313.pyc
/home/edge-host/Documents/GitHub/Theoretically_Driven_LLM_Planning/.venv/lib/python3.13/site-packages/mcp/shared/experimental/tasks/__pycache__/message_queue.cpython-313.pyc
/home/edge-host/Documents/GitHub/Theoretically_Driven_LLM_Planning/.venv/lib/python3.13/site-packages/mcp/shared/experimental/tasks/__pycache__/polling.cpython-313.pyc
/home/edge-host/Documents/GitHub/Theoretically_Driven_LLM_Planning/.venv/lib/python3.13/site-packages/mcp/shared/experimental/tasks/__pycache__/resolver.cpython-313.pyc
/home/edge-host/Documents/GitHub/Theoretically_Driven_LLM_Planning/.venv/lib/python3.13/site-packages/mcp/shared/experimental/tasks/__pycache__/store.cpython-313.pyc
/home/edge-host/Documents/GitHub/Theoretically_Driven_LLM_Planning/.venv/lib/python3.13/site-packages/packaging-26.3.dist-info/entry_points.txt
/home/edge-host/Documents/GitHub/Theoretically_Driven_LLM_Planning/.venv/lib/python3.13/site-packages/pluggy-1.6.0.dist-info/entry_points.txt
/home/edge-host/Documents/GitHub/Theoretically_Driven_LLM_Planning/.venv/lib/python3.13/site-packages/pluggy/__pycache__/__init__.cpython-313.pyc
/home/edge-host/Documents/GitHub/Theoretically_Driven_LLM_Planning/.venv/lib/python3.13/site-packages/pluggy/__pycache__/_callers.cpython-313.pyc
/home/edge-host/Documents/GitHub/Theoretically_Driven_LLM_Planning/.venv/lib/python3.13/site-packages/pluggy/__pycache__/_hooks.cpython-313.pyc
/home/edge-host/Documents/GitHub/Theoretically_Driven_LLM_Planning/.venv/lib/python3.13/site-packages/pluggy/__pycache__/_manager.cpython-313.pyc
/home/edge-host/Documents/GitHub/Theoretically_Driven_LLM_Planning/.venv/lib/python3.13/site-packages/pluggy/__pycache__/_result.cpython-313.pyc
/home/edge-host/Documents/GitHub/Theoretically_Driven_LLM_Planning/.venv/lib/python3.13/site-packages/pluggy/__pycache__/_tracing.cpython-313.pyc
/home/edge-host/Documents/GitHub/Theoretically_Driven_LLM_Planning/.venv/lib/python3.13/site-packages/pluggy/__pycache__/_version.cpython-313.pyc
/home/edge-host/Documents/GitHub/Theoretically_Driven_LLM_Planning/.venv/lib/python3.13/site-packages/pluggy/__pycache__/_warnings.cpython-313.pyc
/home/edge-host/Documents/GitHub/Theoretically_Driven_LLM_Planning/.venv/lib/python3.13/site-packages/pycparser-3.0.dist-info/entry_points.txt
/home/edge-host/Documents/GitHub/Theoretically_Driven_LLM_Planning/.venv/lib/python3.13/site-packages/pydantic-2.13.5.dist-info/entry_points.txt
/home/edge-host/Documents/GitHub/Theoretically_Driven_LLM_Planning/.venv/lib/python3.13/site-packages/pydantic/__pycache__/__init__.cpython-313.pyc
/home/edge-host/Documents/GitHub/Theoretically_Driven_LLM_Planning/.venv/lib/python3.13/site-packages/pydantic/__pycache__/_migration.cpython-313.pyc
/home/edge-host/Documents/GitHub/Theoretically_Driven_LLM_Planning/.venv/lib/python3.13/site-packages/pydantic/__pycache__/alias_generators.cpython-313.pyc
/home/edge-host/Documents/GitHub/Theoretically_Driven_LLM_Planning/.venv/lib/python3.13/site-packages/pydantic/__pycache__/aliases.cpython-313.pyc
/home/edge-host/Documents/GitHub/Theoretically_Driven_LLM_Planning/.venv/lib/python3.13/site-packages/pydantic/__pycache__/annotated_handlers.cpython-313.pyc
/home/edge-host/Documents/GitHub/Theoretically_Driven_LLM_Planning/.venv/lib/python3.13/site-packages/pydantic/__pycache__/config.cpython-313.pyc
/home/edge-host/Documents/GitHub/Theoretically_Driven_LLM_Planning/.venv/lib/python3.13/site-packages/pydantic/__pycache__/dataclasses.cpython-313.pyc
/home/edge-host/Documents/GitHub/Theoretically_Driven_LLM_Planning/.venv/lib/python3.13/site-packages/pydantic/__pycache__/errors.cpython-313.pyc
/home/edge-host/Documents/GitHub/Theoretically_Driven_LLM_Planning/.venv/lib/python3.13/site-packages/pydantic/__pycache__/fields.cpython-313.pyc
/home/edge-host/Documents/GitHub/Theoretically_Driven_LLM_Planning/.venv/lib/python3.13/site-packages/pydantic/__pycache__/functional_validators.cpython-313.pyc
/home/edge-host/Documents/GitHub/Theoretically_Driven_LLM_Planning/.venv/lib/python3.13/site-packages/pydantic/__pycache__/json_schema.cpython-313.pyc
/home/edge-host/Documents/GitHub/Theoretically_Driven_LLM_Planning/.venv/lib/python3.13/site-packages/pydantic/__pycache__/main.cpython-313.pyc
/home/edge-host/Documents/GitHub/Theoretically_Driven_LLM_Planning/.venv/lib/python3.13/site-packages/pydantic/__pycache__/networks.cpython-313.pyc
/home/edge-host/Documents/GitHub/Theoretically_Driven_LLM_Planning/.venv/lib/python3.13/site-packages/pydantic/__pycache__/root_model.cpython-313.pyc
/home/edge-host/Documents/GitHub/Theoretically_Driven_LLM_Planning/.venv/lib/python3.13/site-packages/pydantic/__pycache__/type_adapter.cpython-313.pyc
/home/edge-host/Documents/GitHub/Theoretically_Driven_LLM_Planning/.venv/lib/python3.13/site-packages/pydantic/__pycache__/types.cpython-313.pyc
/home/edge-host/Documents/GitHub/Theoretically_Driven_LLM_Planning/.venv/lib/python3.13/site-packages/pydantic/__pycache__/validate_call_decorator.cpython-313.pyc
/home/edge-host/Documents/GitHub/Theoretically_Driven_LLM_Planning/.venv/lib/python3.13/site-packages/pydantic/__pycache__/version.cpython-313.pyc
/home/edge-host/Documents/GitHub/Theoretically_Driven_LLM_Planning/.venv/lib/python3.13/site-packages/pydantic/__pycache__/warnings.cpython-313.pyc
/home/edge-host/Documents/GitHub/Theoretically_Driven_LLM_Planning/.venv/lib/python3.13/site-packages/pydantic/_internal/__pycache__/__init__.cpython-313.pyc
/home/edge-host/Documents/GitHub/Theoretically_Driven_LLM_Planning/.venv/lib/python3.13/site-packages/pydantic/_internal/__pycache__/_config.cpython-313.pyc
/home/edge-host/Documents/GitHub/Theoretically_Driven_LLM_Planning/.venv/lib/python3.13/site-packages/pydantic/_internal/__pycache__/_core_metadata.cpython-313.pyc
/home/edge-host/Documents/GitHub/Theoretically_Driven_LLM_Planning/.venv/lib/python3.13/site-packages/pydantic/_internal/__pycache__/_core_utils.cpython-313.pyc
/home/edge-host/Documents/GitHub/Theoretically_Driven_LLM_Planning/.venv/lib/python3.13/site-packages/pydantic/_internal/__pycache__/_dataclasses.cpython-313.pyc
/home/edge-host/Documents/GitHub/Theoretically_Driven_LLM_Planning/.venv/lib/python3.13/site-packages/pydantic/_internal/__pycache__/_decorators.cpython-313.pyc
/home/edge-host/Documents/GitHub/Theoretically_Driven_LLM_Planning/.venv/lib/python3.13/site-packages/pydantic/_internal/__pycache__/_discriminated_union.cpython-313.pyc
/home/edge-host/Documents/GitHub/Theoretically_Driven_LLM_Planning/.venv/lib/python3.13/site-packages/pydantic/_internal/__pycache__/_docs_extraction.cpython-313.pyc
/home/edge-host/Documents/GitHub/Theoretically_Driven_LLM_Planning/.venv/lib/python3.13/site-packages/pydantic/_internal/__pycache__/_fields.cpython-313.pyc
/home/edge-host/Documents/GitHub/Theoretically_Driven_LLM_Planning/.venv/lib/python3.13/site-packages/pydantic/_internal/__pycache__/_forward_ref.cpython-313.pyc
/home/edge-host/Documents/GitHub/Theoretically_Driven_LLM_Planning/.venv/lib/python3.13/site-packages/pydantic/_internal/__pycache__/_generate_schema.cpython-313.pyc
/home/edge-host/Documents/GitHub/Theoretically_Driven_LLM_Planning/.venv/lib/python3.13/site-packages/pydantic/_internal/__pycache__/_generics.cpython-313.pyc
/home/edge-host/Documents/GitHub/Theoretically_Driven_LLM_Planning/.venv/lib/python3.13/site-packages/pydantic/_internal/__pycache__/_import_utils.cpython-313.pyc
/home/edge-host/Documents/GitHub/Theoretically_Driven_LLM_Planning/.venv/lib/python3.13/site-packages/pydantic/_internal/__pycache__/_internal_dataclass.cpython-313.pyc
/home/edge-host/Documents/GitHub/Theoretically_Driven_LLM_Planning/.venv/lib/python3.13/site-packages/pydantic/_internal/__pycache__/_known_annotated_metadata.cpython-313.pyc
/home/edge-host/Documents/GitHub/Theoretically_Driven_LLM_Planning/.venv/lib/python3.13/site-packages/pydantic/_internal/__pycache__/_mock_val_ser.cpython-313.pyc
/home/edge-host/Documents/GitHub/Theoretically_Driven_LLM_Planning/.venv/lib/python3.13/site-packages/pydantic/_internal/__pycache__/_model_construction.cpython-313.pyc
/home/edge-host/Documents/GitHub/Theoretically_Driven_LLM_Planning/.venv/lib/python3.13/site-packages/pydantic/_internal/__pycache__/_namespace_utils.cpython-313.pyc
/home/edge-host/Documents/GitHub/Theoretically_Driven_LLM_Planning/.venv/lib/python3.13/site-packages/pydantic/_internal/__pycache__/_repr.cpython-313.pyc
/home/edge-host/Documents/GitHub/Theoretically_Driven_LLM_Planning/.venv/lib/python3.13/site-packages/pydantic/_internal/__pycache__/_schema_gather.cpython-313.pyc
/home/edge-host/Documents/GitHub/Theoretically_Driven_LLM_Planning/.venv/lib/python3.13/site-packages/pydantic/_internal/__pycache__/_schema_generation_shared.cpython-313.pyc
/home/edge-host/Documents/GitHub/Theoretically_Driven_LLM_Planning/.venv/lib/python3.13/site-packages/pydantic/_internal/__pycache__/_signature.cpython-313.pyc
/home/edge-host/Documents/GitHub/Theoretically_Driven_LLM_Planning/.venv/lib/python3.13/site-packages/pydantic/_internal/__pycache__/_typing_extra.cpython-313.pyc
/home/edge-host/Documents/GitHub/Theoretically_Driven_LLM_Planning/.venv/lib/python3.13/site-packages/pydantic/_internal/__pycache__/_utils.cpython-313.pyc
/home/edge-host/Documents/GitHub/Theoretically_Driven_LLM_Planning/.venv/lib/python3.13/site-packages/pydantic/_internal/__pycache__/_validate_call.cpython-313.pyc
/home/edge-host/Documents/GitHub/Theoretically_Driven_LLM_Planning/.venv/lib/python3.13/site-packages/pydantic/_internal/__pycache__/_validators.cpython-313.pyc
/home/edge-host/Documents/GitHub/Theoretically_Driven_LLM_Planning/.venv/lib/python3.13/site-packages/pydantic/plugin/__pycache__/__init__.cpython-313.pyc
/home/edge-host/Documents/GitHub/Theoretically_Driven_LLM_Planning/.venv/lib/python3.13/site-packages/pydantic/plugin/__pycache__/_loader.cpython-313.pyc
/home/edge-host/Documents/GitHub/Theoretically_Driven_LLM_Planning/.venv/lib/python3.13/site-packages/pydantic/plugin/__pycache__/_schema_validator.cpython-313.pyc
/home/edge-host/Documents/GitHub/Theoretically_Driven_LLM_Planning/.venv/lib/python3.13/site-packages/pydantic_core-2.46.5.dist-info/entry_points.txt
/home/edge-host/Documents/GitHub/Theoretically_Driven_LLM_Planning/.venv/lib/python3.13/site-packages/pydantic_core/__pycache__/__init__.cpython-313.pyc
/home/edge-host/Documents/GitHub/Theoretically_Driven_LLM_Planning/.venv/lib/python3.13/site-packages/pydantic_core/__pycache__/core_schema.cpython-313.pyc
/home/edge-host/Documents/GitHub/Theoretically_Driven_LLM_Planning/.venv/lib/python3.13/site-packages/pydantic_settings-2.15.0.dist-info/entry_points.txt
/home/edge-host/Documents/GitHub/Theoretically_Driven_LLM_Planning/.venv/lib/python3.13/site-packages/pydantic_settings/__pycache__/__init__.cpython-313.pyc
/home/edge-host/Documents/GitHub/Theoretically_Driven_LLM_Planning/.venv/lib/python3.13/site-packages/pydantic_settings/__pycache__/exceptions.cpython-313.pyc
/home/edge-host/Documents/GitHub/Theoretically_Driven_LLM_Planning/.venv/lib/python3.13/site-packages/pydantic_settings/__pycache__/main.cpython-313.pyc
/home/edge-host/Documents/GitHub/Theoretically_Driven_LLM_Planning/.venv/lib/python3.13/site-packages/pydantic_settings/__pycache__/utils.cpython-313.pyc
/home/edge-host/Documents/GitHub/Theoretically_Driven_LLM_Planning/.venv/lib/python3.13/site-packages/pydantic_settings/__pycache__/version.cpython-313.pyc
/home/edge-host/Documents/GitHub/Theoretically_Driven_LLM_Planning/.venv/lib/python3.13/site-packages/pydantic_settings/sources/__pycache__/__init__.cpython-313.pyc
/home/edge-host/Documents/GitHub/Theoretically_Driven_LLM_Planning/.venv/lib/python3.13/site-packages/pydantic_settings/sources/__pycache__/base.cpython-313.pyc
/home/edge-host/Documents/GitHub/Theoretically_Driven_LLM_Planning/.venv/lib/python3.13/site-packages/pydantic_settings/sources/__pycache__/types.cpython-313.pyc
/home/edge-host/Documents/GitHub/Theoretically_Driven_LLM_Planning/.venv/lib/python3.13/site-packages/pydantic_settings/sources/__pycache__/utils.cpython-313.pyc
/home/edge-host/Documents/GitHub/Theoretically_Driven_LLM_Planning/.venv/lib/python3.13/site-packages/pydantic_settings/sources/providers/__pycache__/__init__.cpython-313.pyc
/home/edge-host/Documents/GitHub/Theoretically_Driven_LLM_Planning/.venv/lib/python3.13/site-packages/pydantic_settings/sources/providers/__pycache__/aws.cpython-313.pyc
/home/edge-host/Documents/GitHub/Theoretically_Driven_LLM_Planning/.venv/lib/python3.13/site-packages/pydantic_settings/sources/providers/__pycache__/azure.cpython-313.pyc
/home/edge-host/Documents/GitHub/Theoretically_Driven_LLM_Planning/.venv/lib/python3.13/site-packages/pydantic_settings/sources/providers/__pycache__/cli.cpython-313.pyc
/home/edge-host/Documents/GitHub/Theoretically_Driven_LLM_Planning/.venv/lib/python3.13/site-packages/pydantic_settings/sources/providers/__pycache__/dotenv.cpython-313.pyc
/home/edge-host/Documents/GitHub/Theoretically_Driven_LLM_Planning/.venv/lib/python3.13/site-packages/pydantic_settings/sources/providers/__pycache__/env.cpython-313.pyc
/home/edge-host/Documents/GitHub/Theoretically_Driven_LLM_Planning/.venv/lib/python3.13/site-packages/pydantic_settings/sources/providers/__pycache__/gcp.cpython-313.pyc
/home/edge-host/Documents/GitHub/Theoretically_Driven_LLM_Planning/.venv/lib/python3.13/site-packages/pydantic_settings/sources/providers/__pycache__/json.cpython-313.pyc
/home/edge-host/Documents/GitHub/Theoretically_Driven_LLM_Planning/.venv/lib/python3.13/site-packages/pydantic_settings/sources/providers/__pycache__/nested_secrets.cpython-313.pyc
/home/edge-host/Documents/GitHub/Theoretically_Driven_LLM_Planning/.venv/lib/python3.13/site-packages/pydantic_settings/sources/providers/__pycache__/pyproject.cpython-313.pyc
/home/edge-host/Documents/GitHub/Theoretically_Driven_LLM_Planning/.venv/lib/python3.13/site-packages/pydantic_settings/sources/providers/__pycache__/secrets.cpython-313.pyc
/home/edge-host/Documents/GitHub/Theoretically_Driven_LLM_Planning/.venv/lib/python3.13/site-packages/pydantic_settings/sources/providers/__pycache__/toml.cpython-313.pyc
/home/edge-host/Documents/GitHub/Theoretically_Driven_LLM_Planning/.venv/lib/python3.13/site-packages/pydantic_settings/sources/providers/__pycache__/yaml.cpython-313.pyc
/home/edge-host/Documents/GitHub/Theoretically_Driven_LLM_Planning/.venv/lib/python3.13/site-packages/pygments-2.21.0.dist-info/entry_points.txt
/home/edge-host/Documents/GitHub/Theoretically_Driven_LLM_Planning/.venv/lib/python3.13/site-packages/pygments/__pycache__/__init__.cpython-313.pyc
/home/edge-host/Documents/GitHub/Theoretically_Driven_LLM_Planning/.venv/lib/python3.13/site-packages/pygments/__pycache__/console.cpython-313.pyc
/home/edge-host/Documents/GitHub/Theoretically_Driven_LLM_Planning/.venv/lib/python3.13/site-packages/pygments/__pycache__/filter.cpython-313.pyc
/home/edge-host/Documents/GitHub/Theoretically_Driven_LLM_Planning/.venv/lib/python3.13/site-packages/pygments/__pycache__/formatter.cpython-313.pyc
/home/edge-host/Documents/GitHub/Theoretically_Driven_LLM_Planning/.venv/lib/python3.13/site-packages/pygments/__pycache__/lexer.cpython-313.pyc
/home/edge-host/Documents/GitHub/Theoretically_Driven_LLM_Planning/.venv/lib/python3.13/site-packages/pygments/__pycache__/modeline.cpython-313.pyc
/home/edge-host/Documents/GitHub/Theoretically_Driven_LLM_Planning/.venv/lib/python3.13/site-packages/pygments/__pycache__/plugin.cpython-313.pyc
/home/edge-host/Documents/GitHub/Theoretically_Driven_LLM_Planning/.venv/lib/python3.13/site-packages/pygments/__pycache__/regexopt.cpython-313.pyc
/home/edge-host/Documents/GitHub/Theoretically_Driven_LLM_Planning/.venv/lib/python3.13/site-packages/pygments/__pycache__/token.cpython-313.pyc
/home/edge-host/Documents/GitHub/Theoretically_Driven_LLM_Planning/.venv/lib/python3.13/site-packages/pygments/__pycache__/unistring.cpython-313.pyc
/home/edge-host/Documents/GitHub/Theoretically_Driven_LLM_Planning/.venv/lib/python3.13/site-packages/pygments/__pycache__/util.cpython-313.pyc
/home/edge-host/Documents/GitHub/Theoretically_Driven_LLM_Planning/.venv/lib/python3.13/site-packages/pygments/filters/__pycache__/__init__.cpython-313.pyc
/home/edge-host/Documents/GitHub/Theoretically_Driven_LLM_Planning/.venv/lib/python3.13/site-packages/pygments/formatters/__pycache__/__init__.cpython-313.pyc
/home/edge-host/Documents/GitHub/Theoretically_Driven_LLM_Planning/.venv/lib/python3.13/site-packages/pygments/formatters/__pycache__/_mapping.cpython-313.pyc
/home/edge-host/Documents/GitHub/Theoretically_Driven_LLM_Planning/.venv/lib/python3.13/site-packages/pygments/formatters/__pycache__/terminal.cpython-313.pyc
/home/edge-host/Documents/GitHub/Theoretically_Driven_LLM_Planning/.venv/lib/python3.13/site-packages/pygments/lexers/__pycache__/__init__.cpython-313.pyc
/home/edge-host/Documents/GitHub/Theoretically_Driven_LLM_Planning/.venv/lib/python3.13/site-packages/pygments/lexers/__pycache__/_mapping.cpython-313.pyc
/home/edge-host/Documents/GitHub/Theoretically_Driven_LLM_Planning/.venv/lib/python3.13/site-packages/pygments/lexers/__pycache__/diff.cpython-313.pyc
/home/edge-host/Documents/GitHub/Theoretically_Driven_LLM_Planning/.venv/lib/python3.13/site-packages/pygments/lexers/__pycache__/python.cpython-313.pyc
/home/edge-host/Documents/GitHub/Theoretically_Driven_LLM_Planning/.venv/lib/python3.13/site-packages/pygments/styles/__pycache__/__init__.cpython-313.pyc
/home/edge-host/Documents/GitHub/Theoretically_Driven_LLM_Planning/.venv/lib/python3.13/site-packages/pygments/styles/__pycache__/_mapping.cpython-313.pyc
/home/edge-host/Documents/GitHub/Theoretically_Driven_LLM_Planning/.venv/lib/python3.13/site-packages/pyjwt-2.13.0.dist-info/entry_points.txt
/home/edge-host/Documents/GitHub/Theoretically_Driven_LLM_Planning/.venv/lib/python3.13/site-packages/pytest-9.1.1.dist-info/entry_points.txt
/home/edge-host/Documents/GitHub/Theoretically_Driven_LLM_Planning/.venv/lib/python3.13/site-packages/pytest/__pycache__/__init__.cpython-313.pyc
/home/edge-host/Documents/GitHub/Theoretically_Driven_LLM_Planning/.venv/lib/python3.13/site-packages/pytest/__pycache__/__main__.cpython-313.pyc
/home/edge-host/Documents/GitHub/Theoretically_Driven_LLM_Planning/.venv/lib/python3.13/site-packages/python_dotenv-1.2.3.dist-info/entry_points.txt
/home/edge-host/Documents/GitHub/Theoretically_Driven_LLM_Planning/.venv/lib/python3.13/site-packages/python_multipart-0.0.32.dist-info/entry_points.txt
/home/edge-host/Documents/GitHub/Theoretically_Driven_LLM_Planning/.venv/lib/python3.13/site-packages/python_multipart/__pycache__/__init__.cpython-313.pyc
/home/edge-host/Documents/GitHub/Theoretically_Driven_LLM_Planning/.venv/lib/python3.13/site-packages/python_multipart/__pycache__/decoders.cpython-313.pyc
/home/edge-host/Documents/GitHub/Theoretically_Driven_LLM_Planning/.venv/lib/python3.13/site-packages/python_multipart/__pycache__/exceptions.cpython-313.pyc
/home/edge-host/Documents/GitHub/Theoretically_Driven_LLM_Planning/.venv/lib/python3.13/site-packages/python_multipart/__pycache__/multipart.cpython-313.pyc
/home/edge-host/Documents/GitHub/Theoretically_Driven_LLM_Planning/.venv/lib/python3.13/site-packages/pyyaml-6.0.3.dist-info/entry_points.txt
/home/edge-host/Documents/GitHub/Theoretically_Driven_LLM_Planning/.venv/lib/python3.13/site-packages/referencing-0.37.0.dist-info/entry_points.txt
/home/edge-host/Documents/GitHub/Theoretically_Driven_LLM_Planning/.venv/lib/python3.13/site-packages/referencing/__pycache__/__init__.cpython-313.pyc
/home/edge-host/Documents/GitHub/Theoretically_Driven_LLM_Planning/.venv/lib/python3.13/site-packages/referencing/__pycache__/_attrs.cpython-313.pyc
/home/edge-host/Documents/GitHub/Theoretically_Driven_LLM_Planning/.venv/lib/python3.13/site-packages/referencing/__pycache__/_core.cpython-313.pyc
/home/edge-host/Documents/GitHub/Theoretically_Driven_LLM_Planning/.venv/lib/python3.13/site-packages/referencing/__pycache__/exceptions.cpython-313.pyc
/home/edge-host/Documents/GitHub/Theoretically_Driven_LLM_Planning/.venv/lib/python3.13/site-packages/referencing/__pycache__/jsonschema.cpython-313.pyc
/home/edge-host/Documents/GitHub/Theoretically_Driven_LLM_Planning/.venv/lib/python3.13/site-packages/referencing/__pycache__/typing.cpython-313.pyc
/home/edge-host/Documents/GitHub/Theoretically_Driven_LLM_Planning/.venv/lib/python3.13/site-packages/rpds/__pycache__/__init__.cpython-313.pyc
/home/edge-host/Documents/GitHub/Theoretically_Driven_LLM_Planning/.venv/lib/python3.13/site-packages/rpds_py-2026.6.3.dist-info/entry_points.txt
/home/edge-host/Documents/GitHub/Theoretically_Driven_LLM_Planning/.venv/lib/python3.13/site-packages/sse_starlette-3.4.8.dist-info/entry_points.txt
/home/edge-host/Documents/GitHub/Theoretically_Driven_LLM_Planning/.venv/lib/python3.13/site-packages/sse_starlette/__pycache__/__init__.cpython-313.pyc
/home/edge-host/Documents/GitHub/Theoretically_Driven_LLM_Planning/.venv/lib/python3.13/site-packages/sse_starlette/__pycache__/_utils.cpython-313.pyc
/home/edge-host/Documents/GitHub/Theoretically_Driven_LLM_Planning/.venv/lib/python3.13/site-packages/sse_starlette/__pycache__/event.cpython-313.pyc
/home/edge-host/Documents/GitHub/Theoretically_Driven_LLM_Planning/.venv/lib/python3.13/site-packages/sse_starlette/__pycache__/sse.cpython-313.pyc
/home/edge-host/Documents/GitHub/Theoretically_Driven_LLM_Planning/.venv/lib/python3.13/site-packages/starlette-1.6.0.dist-info/entry_points.txt
/home/edge-host/Documents/GitHub/Theoretically_Driven_LLM_Planning/.venv/lib/python3.13/site-packages/starlette/__pycache__/__init__.cpython-313.pyc
/home/edge-host/Documents/GitHub/Theoretically_Driven_LLM_Planning/.venv/lib/python3.13/site-packages/starlette/__pycache__/_exception_handler.cpython-313.pyc
/home/edge-host/Documents/GitHub/Theoretically_Driven_LLM_Planning/.venv/lib/python3.13/site-packages/starlette/__pycache__/_utils.cpython-313.pyc
/home/edge-host/Documents/GitHub/Theoretically_Driven_LLM_Planning/.venv/lib/python3.13/site-packages/starlette/__pycache__/applications.cpython-313.pyc
/home/edge-host/Documents/GitHub/Theoretically_Driven_LLM_Planning/.venv/lib/python3.13/site-packages/starlette/__pycache__/authentication.cpython-313.pyc
/home/edge-host/Documents/GitHub/Theoretically_Driven_LLM_Planning/.venv/lib/python3.13/site-packages/starlette/__pycache__/background.cpython-313.pyc
/home/edge-host/Documents/GitHub/Theoretically_Driven_LLM_Planning/.venv/lib/python3.13/site-packages/starlette/__pycache__/concurrency.cpython-313.pyc
/home/edge-host/Documents/GitHub/Theoretically_Driven_LLM_Planning/.venv/lib/python3.13/site-packages/starlette/__pycache__/convertors.cpython-313.pyc
/home/edge-host/Documents/GitHub/Theoretically_Driven_LLM_Planning/.venv/lib/python3.13/site-packages/starlette/__pycache__/datastructures.cpython-313.pyc
/home/edge-host/Documents/GitHub/Theoretically_Driven_LLM_Planning/.venv/lib/python3.13/site-packages/starlette/__pycache__/exceptions.cpython-313.pyc
/home/edge-host/Documents/GitHub/Theoretically_Driven_LLM_Planning/.venv/lib/python3.13/site-packages/starlette/__pycache__/formparsers.cpython-313.pyc
/home/edge-host/Documents/GitHub/Theoretically_Driven_LLM_Planning/.venv/lib/python3.13/site-packages/starlette/__pycache__/requests.cpython-313.pyc
/home/edge-host/Documents/GitHub/Theoretically_Driven_LLM_Planning/.venv/lib/python3.13/site-packages/starlette/__pycache__/responses.cpython-313.pyc
/home/edge-host/Documents/GitHub/Theoretically_Driven_LLM_Planning/.venv/lib/python3.13/site-packages/starlette/__pycache__/routing.cpython-313.pyc
/home/edge-host/Documents/GitHub/Theoretically_Driven_LLM_Planning/.venv/lib/python3.13/site-packages/starlette/__pycache__/types.cpython-313.pyc
/home/edge-host/Documents/GitHub/Theoretically_Driven_LLM_Planning/.venv/lib/python3.13/site-packages/starlette/__pycache__/websockets.cpython-313.pyc
/home/edge-host/Documents/GitHub/Theoretically_Driven_LLM_Planning/.venv/lib/python3.13/site-packages/starlette/middleware/__pycache__/__init__.cpython-313.pyc
/home/edge-host/Documents/GitHub/Theoretically_Driven_LLM_Planning/.venv/lib/python3.13/site-packages/starlette/middleware/__pycache__/authentication.cpython-313.pyc
/home/edge-host/Documents/GitHub/Theoretically_Driven_LLM_Planning/.venv/lib/python3.13/site-packages/starlette/middleware/__pycache__/body_limit.cpython-313.pyc
/home/edge-host/Documents/GitHub/Theoretically_Driven_LLM_Planning/.venv/lib/python3.13/site-packages/starlette/middleware/__pycache__/errors.cpython-313.pyc
/home/edge-host/Documents/GitHub/Theoretically_Driven_LLM_Planning/.venv/lib/python3.13/site-packages/starlette/middleware/__pycache__/exceptions.cpython-313.pyc
/home/edge-host/Documents/GitHub/Theoretically_Driven_LLM_Planning/.venv/lib/python3.13/site-packages/typing_extensions-4.16.0.dist-info/entry_points.txt
/home/edge-host/Documents/GitHub/Theoretically_Driven_LLM_Planning/.venv/lib/python3.13/site-packages/typing_inspection-0.4.4.dist-info/entry_points.txt
/home/edge-host/Documents/GitHub/Theoretically_Driven_LLM_Planning/.venv/lib/python3.13/site-packages/typing_inspection/__pycache__/__init__.cpython-313.pyc
/home/edge-host/Documents/GitHub/Theoretically_Driven_LLM_Planning/.venv/lib/python3.13/site-packages/typing_inspection/__pycache__/introspection.cpython-313.pyc
/home/edge-host/Documents/GitHub/Theoretically_Driven_LLM_Planning/.venv/lib/python3.13/site-packages/typing_inspection/__pycache__/typing_objects.cpython-313.pyc
/home/edge-host/Documents/GitHub/Theoretically_Driven_LLM_Planning/.venv/lib/python3.13/site-packages/uvicorn-0.52.4.dist-info/entry_points.txt
/home/edge-host/Documents/GitHub/Theoretically_Driven_LLM_Planning/.venv/lib/python3.13/site-packages/uvicorn/__pycache__/__init__.cpython-313.pyc
/home/edge-host/Documents/GitHub/Theoretically_Driven_LLM_Planning/.venv/lib/python3.13/site-packages/uvicorn/__pycache__/_ansi.cpython-313.pyc
/home/edge-host/Documents/GitHub/Theoretically_Driven_LLM_Planning/.venv/lib/python3.13/site-packages/uvicorn/__pycache__/_compat.cpython-313.pyc
/home/edge-host/Documents/GitHub/Theoretically_Driven_LLM_Planning/.venv/lib/python3.13/site-packages/uvicorn/__pycache__/_subprocess.cpython-313.pyc
/home/edge-host/Documents/GitHub/Theoretically_Driven_LLM_Planning/.venv/lib/python3.13/site-packages/uvicorn/__pycache__/_types.cpython-313.pyc
/home/edge-host/Documents/GitHub/Theoretically_Driven_LLM_Planning/.venv/lib/python3.13/site-packages/uvicorn/__pycache__/config.cpython-313.pyc
/home/edge-host/Documents/GitHub/Theoretically_Driven_LLM_Planning/.venv/lib/python3.13/site-packages/uvicorn/__pycache__/importer.cpython-313.pyc
/home/edge-host/Documents/GitHub/Theoretically_Driven_LLM_Planning/.venv/lib/python3.13/site-packages/uvicorn/__pycache__/logging.cpython-313.pyc
/home/edge-host/Documents/GitHub/Theoretically_Driven_LLM_Planning/.venv/lib/python3.13/site-packages/uvicorn/__pycache__/main.cpython-313.pyc
/home/edge-host/Documents/GitHub/Theoretically_Driven_LLM_Planning/.venv/lib/python3.13/site-packages/uvicorn/__pycache__/server.cpython-313.pyc
/home/edge-host/Documents/GitHub/Theoretically_Driven_LLM_Planning/.venv/lib/python3.13/site-packages/uvicorn/middleware/__pycache__/__init__.cpython-313.pyc
/home/edge-host/Documents/GitHub/Theoretically_Driven_LLM_Planning/.venv/lib/python3.13/site-packages/uvicorn/middleware/__pycache__/asgi2.cpython-313.pyc
/home/edge-host/Documents/GitHub/Theoretically_Driven_LLM_Planning/.venv/lib/python3.13/site-packages/uvicorn/middleware/__pycache__/message_logger.cpython-313.pyc
/home/edge-host/Documents/GitHub/Theoretically_Driven_LLM_Planning/.venv/lib/python3.13/site-packages/uvicorn/middleware/__pycache__/proxy_headers.cpython-313.pyc
/home/edge-host/Documents/GitHub/Theoretically_Driven_LLM_Planning/.venv/lib/python3.13/site-packages/uvicorn/middleware/__pycache__/wsgi.cpython-313.pyc
/home/edge-host/Documents/GitHub/Theoretically_Driven_LLM_Planning/.venv/lib/python3.13/site-packages/uvicorn/supervisors/__pycache__/__init__.cpython-313.pyc
/home/edge-host/Documents/GitHub/Theoretically_Driven_LLM_Planning/.venv/lib/python3.13/site-packages/uvicorn/supervisors/__pycache__/basereload.cpython-313.pyc
/home/edge-host/Documents/GitHub/Theoretically_Driven_LLM_Planning/.venv/lib/python3.13/site-packages/uvicorn/supervisors/__pycache__/multiprocess.cpython-313.pyc
/home/edge-host/Documents/GitHub/Theoretically_Driven_LLM_Planning/.venv/lib/python3.13/site-packages/uvicorn/supervisors/__pycache__/statreload.cpython-313.pyc
/home/edge-host/Documents/GitHub/Theoretically_Driven_LLM_Planning/.venv/lib/python3.13/site-packages/uvicorn/supervisors/__pycache__/watchfilesreload.cpython-313.pyc
/home/edge-host/Documents/GitHub/Theoretically_Driven_LLM_Planning/.venv/lib/python3.13/site-packages/yaml/__pycache__/__init__.cpython-313.pyc
/home/edge-host/Documents/GitHub/Theoretically_Driven_LLM_Planning/.venv/lib/python3.13/site-packages/yaml/__pycache__/composer.cpython-313.pyc
/home/edge-host/Documents/GitHub/Theoretically_Driven_LLM_Planning/.venv/lib/python3.13/site-packages/yaml/__pycache__/constructor.cpython-313.pyc
/home/edge-host/Documents/GitHub/Theoretically_Driven_LLM_Planning/.venv/lib/python3.13/site-packages/yaml/__pycache__/cyaml.cpython-313.pyc
/home/edge-host/Documents/GitHub/Theoretically_Driven_LLM_Planning/.venv/lib/python3.13/site-packages/yaml/__pycache__/dumper.cpython-313.pyc
/home/edge-host/Documents/GitHub/Theoretically_Driven_LLM_Planning/.venv/lib/python3.13/site-packages/yaml/__pycache__/emitter.cpython-313.pyc
/home/edge-host/Documents/GitHub/Theoretically_Driven_LLM_Planning/.venv/lib/python3.13/site-packages/yaml/__pycache__/error.cpython-313.pyc
/home/edge-host/Documents/GitHub/Theoretically_Driven_LLM_Planning/.venv/lib/python3.13/site-packages/yaml/__pycache__/events.cpython-313.pyc
/home/edge-host/Documents/GitHub/Theoretically_Driven_LLM_Planning/.venv/lib/python3.13/site-packages/yaml/__pycache__/loader.cpython-313.pyc
/home/edge-host/Documents/GitHub/Theoretically_Driven_LLM_Planning/.venv/lib/python3.13/site-packages/yaml/__pycache__/nodes.cpython-313.pyc
/home/edge-host/Documents/GitHub/Theoretically_Driven_LLM_Planning/.venv/lib/python3.13/site-packages/yaml/__pycache__/parser.cpython-313.pyc
/home/edge-host/Documents/GitHub/Theoretically_Driven_LLM_Planning/.venv/lib/python3.13/site-packages/yaml/__pycache__/reader.cpython-313.pyc
/home/edge-host/Documents/GitHub/Theoretically_Driven_LLM_Planning/.venv/lib/python3.13/site-packages/yaml/__pycache__/representer.cpython-313.pyc
/home/edge-host/Documents/GitHub/Theoretically_Driven_LLM_Planning/.venv/lib/python3.13/site-packages/yaml/__pycache__/resolver.cpython-313.pyc
/home/edge-host/Documents/GitHub/Theoretically_Driven_LLM_Planning/.venv/lib/python3.13/site-packages/yaml/__pycache__/scanner.cpython-313.pyc
/home/edge-host/Documents/GitHub/Theoretically_Driven_LLM_Planning/.venv/lib/python3.13/site-packages/yaml/__pycache__/serializer.cpython-313.pyc
/home/edge-host/Documents/GitHub/Theoretically_Driven_LLM_Planning/.venv/lib/python3.13/site-packages/yaml/__pycache__/tokens.cpython-313.pyc
/home/edge-host/Documents/GitHub/Theoretically_Driven_LLM_Planning/00
/home/edge-host/Documents/GitHub/Theoretically_Driven_LLM_Planning/01
/home/edge-host/Documents/GitHub/Theoretically_Driven_LLM_Planning/06
/home/edge-host/Documents/GitHub/Theoretically_Driven_LLM_Planning/08
/home/edge-host/Documents/GitHub/Theoretically_Driven_LLM_Planning/09
/home/edge-host/Documents/GitHub/Theoretically_Driven_LLM_Planning/0a
/home/edge-host/Documents/GitHub/Theoretically_Driven_LLM_Planning/0f
/home/edge-host/Documents/GitHub/Theoretically_Driven_LLM_Planning/13
/home/edge-host/Documents/GitHub/Theoretically_Driven_LLM_Planning/14
/home/edge-host/Documents/GitHub/Theoretically_Driven_LLM_Planning/16
/home/edge-host/Documents/GitHub/Theoretically_Driven_LLM_Planning/18
/home/edge-host/Documents/GitHub/Theoretically_Driven_LLM_Planning/1d
/home/edge-host/Documents/GitHub/Theoretically_Driven_LLM_Planning/1e
/home/edge-host/Documents/GitHub/Theoretically_Driven_LLM_Planning/20
/home/edge-host/Documents/GitHub/Theoretically_Driven_LLM_Planning/21
/home/edge-host/Documents/GitHub/Theoretically_Driven_LLM_Planning/23
/home/edge-host/Documents/GitHub/Theoretically_Driven_LLM_Planning/26
/home/edge-host/Documents/GitHub/Theoretically_Driven_LLM_Planning/27
/home/edge-host/Documents/GitHub/Theoretically_Driven_LLM_Planning/2b
/home/edge-host/Documents/GitHub/Theoretically_Driven_LLM_Planning/2d
/home/edge-host/Documents/GitHub/Theoretically_Driven_LLM_Planning/2e
/home/edge-host/Documents/GitHub/Theoretically_Driven_LLM_Planning/30
/home/edge-host/Documents/GitHub/Theoretically_Driven_LLM_Planning/31
/home/edge-host/Documents/GitHub/Theoretically_Driven_LLM_Planning/33
/home/edge-host/Documents/GitHub/Theoretically_Driven_LLM_Planning/34
/home/edge-host/Documents/GitHub/Theoretically_Driven_LLM_Planning/36
/home/edge-host/Documents/GitHub/Theoretically_Driven_LLM_Planning/38
/home/edge-host/Documents/GitHub/Theoretically_Driven_LLM_Planning/39
/home/edge-host/Documents/GitHub/Theoretically_Driven_LLM_Planning/3a
/home/edge-host/Documents/GitHub/Theoretically_Driven_LLM_Planning/3b
/home/edge-host/Documents/GitHub/Theoretically_Driven_LLM_Planning/3c
/home/edge-host/Documents/GitHub/Theoretically_Driven_LLM_Planning/3d
/home/edge-host/Documents/GitHub/Theoretically_Driven_LLM_Planning/3f
/home/edge-host/Documents/GitHub/Theoretically_Driven_LLM_Planning/44
/home/edge-host/Documents/GitHub/Theoretically_Driven_LLM_Planning/45
/home/edge-host/Documents/GitHub/Theoretically_Driven_LLM_Planning/47
/home/edge-host/Documents/GitHub/Theoretically_Driven_LLM_Planning/4a
/home/edge-host/Documents/GitHub/Theoretically_Driven_LLM_Planning/4b
/home/edge-host/Documents/GitHub/Theoretically_Driven_LLM_Planning/4e
/home/edge-host/Documents/GitHub/Theoretically_Driven_LLM_Planning/4f
/home/edge-host/Documents/GitHub/Theoretically_Driven_LLM_Planning/51
/home/edge-host/Documents/GitHub/Theoretically_Driven_LLM_Planning/53
/home/edge-host/Documents/GitHub/Theoretically_Driven_LLM_Planning/54
/home/edge-host/Documents/GitHub/Theoretically_Driven_LLM_Planning/56
/home/edge-host/Documents/GitHub/Theoretically_Driven_LLM_Planning/57
/home/edge-host/Documents/GitHub/Theoretically_Driven_LLM_Planning/5b
/home/edge-host/Documents/GitHub/Theoretically_Driven_LLM_Planning/61
/home/edge-host/Documents/GitHub/Theoretically_Driven_LLM_Planning/65
/home/edge-host/Documents/GitHub/Theoretically_Driven_LLM_Planning/69
/home/edge-host/Documents/GitHub/Theoretically_Driven_LLM_Planning/6b
/home/edge-host/Documents/GitHub/Theoretically_Driven_LLM_Planning/6d
/home/edge-host/Documents/GitHub/Theoretically_Driven_LLM_Planning/6e
/home/edge-host/Documents/GitHub/Theoretically_Driven_LLM_Planning/72
/home/edge-host/Documents/GitHub/Theoretically_Driven_LLM_Planning/73
/home/edge-host/Documents/GitHub/Theoretically_Driven_LLM_Planning/74
/home/edge-host/Documents/GitHub/Theoretically_Driven_LLM_Planning/75
/home/edge-host/Documents/GitHub/Theoretically_Driven_LLM_Planning/77
/home/edge-host/Documents/GitHub/Theoretically_Driven_LLM_Planning/7d
/home/edge-host/Documents/GitHub/Theoretically_Driven_LLM_Planning/7e
/home/edge-host/Documents/GitHub/Theoretically_Driven_LLM_Planning/7f
/home/edge-host/Documents/GitHub/Theoretically_Driven_LLM_Planning/81
/home/edge-host/Documents/GitHub/Theoretically_Driven_LLM_Planning/84
/home/edge-host/Documents/GitHub/Theoretically_Driven_LLM_Planning/85
/home/edge-host/Documents/GitHub/Theoretically_Driven_LLM_Planning/86
/home/edge-host/Documents/GitHub/Theoretically_Driven_LLM_Planning/87
/home/edge-host/Documents/GitHub/Theoretically_Driven_LLM_Planning/88
/home/edge-host/Documents/GitHub/Theoretically_Driven_LLM_Planning/8a
/home/edge-host/Documents/GitHub/Theoretically_Driven_LLM_Planning/8b
/home/edge-host/Documents/GitHub/Theoretically_Driven_LLM_Planning/8c
/home/edge-host/Documents/GitHub/Theoretically_Driven_LLM_Planning/8d
/home/edge-host/Documents/GitHub/Theoretically_Driven_LLM_Planning/8f
/home/edge-host/Documents/GitHub/Theoretically_Driven_LLM_Planning/91
/home/edge-host/Documents/GitHub/Theoretically_Driven_LLM_Planning/94
/home/edge-host/Documents/GitHub/Theoretically_Driven_LLM_Planning/95
/home/edge-host/Documents/GitHub/Theoretically_Driven_LLM_Planning/96
/home/edge-host/Documents/GitHub/Theoretically_Driven_LLM_Planning/97
/home/edge-host/Documents/GitHub/Theoretically_Driven_LLM_Planning/98
/home/edge-host/Documents/GitHub/Theoretically_Driven_LLM_Planning/99
/home/edge-host/Documents/GitHub/Theoretically_Driven_LLM_Planning/9b
/home/edge-host/Documents/GitHub/Theoretically_Driven_LLM_Planning/9c
/home/edge-host/Documents/GitHub/Theoretically_Driven_LLM_Planning/9e
/home/edge-host/Documents/GitHub/Theoretically_Driven_LLM_Planning/9f
/home/edge-host/Documents/GitHub/Theoretically_Driven_LLM_Planning/RUN-0001
/home/edge-host/Documents/GitHub/Theoretically_Driven_LLM_Planning/RUN-0002
/home/edge-host/Documents/GitHub/Theoretically_Driven_LLM_Planning/__pycache__
/home/edge-host/Documents/GitHub/Theoretically_Driven_LLM_Planning/a0
/home/edge-host/Documents/GitHub/Theoretically_Driven_LLM_Planning/a1
/home/edge-host/Documents/GitHub/Theoretically_Driven_LLM_Planning/a2
/home/edge-host/Documents/GitHub/Theoretically_Driven_LLM_Planning/a4
/home/edge-host/Documents/GitHub/Theoretically_Driven_LLM_Planning/a5
/home/edge-host/Documents/GitHub/Theoretically_Driven_LLM_Planning/a8
/home/edge-host/Documents/GitHub/Theoretically_Driven_LLM_Planning/a9
/home/edge-host/Documents/GitHub/Theoretically_Driven_LLM_Planning/aa
/home/edge-host/Documents/GitHub/Theoretically_Driven_LLM_Planning/ad
/home/edge-host/Documents/GitHub/Theoretically_Driven_LLM_Planning/artifacts
/home/edge-host/Documents/GitHub/Theoretically_Driven_LLM_Planning/b1
/home/edge-host/Documents/GitHub/Theoretically_Driven_LLM_Planning/b3
/home/edge-host/Documents/GitHub/Theoretically_Driven_LLM_Planning/b4
/home/edge-host/Documents/GitHub/Theoretically_Driven_LLM_Planning/b5
/home/edge-host/Documents/GitHub/Theoretically_Driven_LLM_Planning/bb
/home/edge-host/Documents/GitHub/Theoretically_Driven_LLM_Planning/bc
/home/edge-host/Documents/GitHub/Theoretically_Driven_LLM_Planning/be
/home/edge-host/Documents/GitHub/Theoretically_Driven_LLM_Planning/branches
/home/edge-host/Documents/GitHub/Theoretically_Driven_LLM_Planning/c0
/home/edge-host/Documents/GitHub/Theoretically_Driven_LLM_Planning/c1
/home/edge-host/Documents/GitHub/Theoretically_Driven_LLM_Planning/c3
/home/edge-host/Documents/GitHub/Theoretically_Driven_LLM_Planning/c4
/home/edge-host/Documents/GitHub/Theoretically_Driven_LLM_Planning/c6
/home/edge-host/Documents/GitHub/Theoretically_Driven_LLM_Planning/cache
/home/edge-host/Documents/GitHub/Theoretically_Driven_LLM_Planning/cb
/home/edge-host/Documents/GitHub/Theoretically_Driven_LLM_Planning/cd
/home/edge-host/Documents/GitHub/Theoretically_Driven_LLM_Planning/ce
/home/edge-host/Documents/GitHub/Theoretically_Driven_LLM_Planning/cf
/home/edge-host/Documents/GitHub/Theoretically_Driven_LLM_Planning/d1
/home/edge-host/Documents/GitHub/Theoretically_Driven_LLM_Planning/d3
/home/edge-host/Documents/GitHub/Theoretically_Driven_LLM_Planning/d4
/home/edge-host/Documents/GitHub/Theoretically_Driven_LLM_Planning/d5
/home/edge-host/Documents/GitHub/Theoretically_Driven_LLM_Planning/d8
/home/edge-host/Documents/GitHub/Theoretically_Driven_LLM_Planning/dd
/home/edge-host/Documents/GitHub/Theoretically_Driven_LLM_Planning/de
/home/edge-host/Documents/GitHub/Theoretically_Driven_LLM_Planning/deep
/home/edge-host/Documents/GitHub/Theoretically_Driven_LLM_Planning/df
/home/edge-host/Documents/GitHub/Theoretically_Driven_LLM_Planning/e0
/home/edge-host/Documents/GitHub/Theoretically_Driven_LLM_Planning/e2
/home/edge-host/Documents/GitHub/Theoretically_Driven_LLM_Planning/e8
/home/edge-host/Documents/GitHub/Theoretically_Driven_LLM_Planning/ed
/home/edge-host/Documents/GitHub/Theoretically_Driven_LLM_Planning/f3
/home/edge-host/Documents/GitHub/Theoretically_Driven_LLM_Planning/f5
/home/edge-host/Documents/GitHub/Theoretically_Driven_LLM_Planning/f6
/home/edge-host/Documents/GitHub/Theoretically_Driven_LLM_Planning/f8
/home/edge-host/Documents/GitHub/Theoretically_Driven_LLM_Planning/fa
/home/edge-host/Documents/GitHub/Theoretically_Driven_LLM_Planning/fb
/home/edge-host/Documents/GitHub/Theoretically_Driven_LLM_Planning/fc
/home/edge-host/Documents/GitHub/Theoretically_Driven_LLM_Planning/fd
/home/edge-host/Documents/GitHub/Theoretically_Driven_LLM_Planning/fe
/home/edge-host/Documents/GitHub/Theoretically_Driven_LLM_Planning/heads
/home/edge-host/Documents/GitHub/Theoretically_Driven_LLM_Planning/hooks
/home/edge-host/Documents/GitHub/Theoretically_Driven_LLM_Planning/info
/home/edge-host/Documents/GitHub/Theoretically_Driven_LLM_Planning/lib
/home/edge-host/Documents/GitHub/Theoretically_Driven_LLM_Planning/logs
/home/edge-host/Documents/GitHub/Theoretically_Driven_LLM_Planning/objects
/home/edge-host/Documents/GitHub/Theoretically_Driven_LLM_Planning/out
/home/edge-host/Documents/GitHub/Theoretically_Driven_LLM_Planning/pack
/home/edge-host/Documents/GitHub/Theoretically_Driven_LLM_Planning/proj
/home/edge-host/Documents/GitHub/Theoretically_Driven_LLM_Planning/pyproject.toml
/home/edge-host/Documents/GitHub/Theoretically_Driven_LLM_Planning/readhook
/home/edge-host/Documents/GitHub/Theoretically_Driven_LLM_Planning/refs
/home/edge-host/Documents/GitHub/Theoretically_Driven_LLM_Planning/round1
/home/edge-host/Documents/GitHub/Theoretically_Driven_LLM_Planning/round2
/home/edge-host/Documents/GitHub/Theoretically_Driven_LLM_Planning/src
/home/edge-host/Documents/GitHub/Theoretically_Driven_LLM_Planning/src/component_belief/__pycache__/__init__.cpython-313.pyc
/home/edge-host/Documents/GitHub/Theoretically_Driven_LLM_Planning/src/component_belief/__pycache__/decide.cpython-313.pyc
/home/edge-host/Documents/GitHub/Theoretically_Driven_LLM_Planning/src/component_belief/__pycache__/declarations.cpython-313.pyc
/home/edge-host/Documents/GitHub/Theoretically_Driven_LLM_Planning/src/component_belief/__pycache__/diagnose.cpython-313.pyc
/home/edge-host/Documents/GitHub/Theoretically_Driven_LLM_Planning/src/component_belief/__pycache__/expr.cpython-313.pyc
/home/edge-host/Documents/GitHub/Theoretically_Driven_LLM_Planning/src/component_belief/__pycache__/ids.cpython-313.pyc
/home/edge-host/Documents/GitHub/Theoretically_Driven_LLM_Planning/src/component_belief/__pycache__/model.cpython-313.pyc
/home/edge-host/Documents/GitHub/Theoretically_Driven_LLM_Planning/src/component_belief/__pycache__/planning.cpython-313.pyc
/home/edge-host/Documents/GitHub/Theoretically_Driven_LLM_Planning/src/component_belief/__pycache__/readlog.cpython-313.pyc
/home/edge-host/Documents/GitHub/Theoretically_Driven_LLM_Planning/src/component_belief/__pycache__/render.cpython-313.pyc
/home/edge-host/Documents/GitHub/Theoretically_Driven_LLM_Planning/src/component_belief/__pycache__/runner.cpython-313.pyc
/home/edge-host/Documents/GitHub/Theoretically_Driven_LLM_Planning/src/component_belief/__pycache__/server.cpython-313.pyc
/home/edge-host/Documents/GitHub/Theoretically_Driven_LLM_Planning/src/component_belief/__pycache__/staleness.cpython-313.pyc
/home/edge-host/Documents/GitHub/Theoretically_Driven_LLM_Planning/src/component_belief/__pycache__/stamps.cpython-313.pyc
/home/edge-host/Documents/GitHub/Theoretically_Driven_LLM_Planning/src/component_belief/__pycache__/stats.cpython-313.pyc
/home/edge-host/Documents/GitHub/Theoretically_Driven_LLM_Planning/src/component_belief/__pycache__/store.cpython-313.pyc
/home/edge-host/Documents/GitHub/Theoretically_Driven_LLM_Planning/src/component_belief/__pycache__/views.cpython-313.pyc
/home/edge-host/Documents/GitHub/Theoretically_Driven_LLM_Planning/src/component_belief_mcp.egg-info/entry_points.txt
/home/edge-host/Documents/GitHub/Theoretically_Driven_LLM_Planning/tags
/home/edge-host/Documents/GitHub/Theoretically_Driven_LLM_Planning/test_a_bad_evidence_criterion_0
/home/edge-host/Documents/GitHub/Theoretically_Driven_LLM_Planning/test_a_bad_kind_is_reported0
/home/edge-host/Documents/GitHub/Theoretically_Driven_LLM_Planning/test_a_batch_with_one_falsific0
/home/edge-host/Documents/GitHub/Theoretically_Driven_LLM_Planning/test_a_branch_naming_no_contra0
/home/edge-host/Documents/GitHub/Theoretically_Driven_LLM_Planning/test_a_change_to_unclaimed_cod0
/home/edge-host/Documents/GitHub/Theoretically_Driven_LLM_Planning/test_a_component_claiming_no_c0
/home/edge-host/Documents/GitHub/Theoretically_Driven_LLM_Planning/test_a_confirmed_leader_needs_0
/home/edge-host/Documents/GitHub/Theoretically_Driven_LLM_Planning/test_a_decision_names_the_revi0
/home/edge-host/Documents/GitHub/Theoretically_Driven_LLM_Planning/test_a_different_actor_is_an_i0
/home/edge-host/Documents/GitHub/Theoretically_Driven_LLM_Planning/test_a_gap_with_evidence_leave0
/home/edge-host/Documents/GitHub/Theoretically_Driven_LLM_Planning/test_a_listed_component_that_b0
/home/edge-host/Documents/GitHub/Theoretically_Driven_LLM_Planning/test_a_policy_target_that_left0
/home/edge-host/Documents/GitHub/Theoretically_Driven_LLM_Planning/test_a_removed_component_leave0
/home/edge-host/Documents/GitHub/Theoretically_Driven_LLM_Planning/test_a_rule_matching_its_defin0
/home/edge-host/Documents/GitHub/Theoretically_Driven_LLM_Planning/test_a_run_records_whether_the0
/home/edge-host/Documents/GitHub/Theoretically_Driven_LLM_Planning/test_a_settings_string_is_not_0
/home/edge-host/Documents/GitHub/Theoretically_Driven_LLM_Planning/test_a_subject_missing_from_th0
/home/edge-host/Documents/GitHub/Theoretically_Driven_LLM_Planning/test_a_test_already_run_is_not0
/home/edge-host/Documents/GitHub/Theoretically_Driven_LLM_Planning/test_a_threshold_that_drifted_0
/home/edge-host/Documents/GitHub/Theoretically_Driven_LLM_Planning/test_adopt_when_supported0
/home/edge-host/Documents/GitHub/Theoretically_Driven_LLM_Planning/test_amend_reclassifies_many_i0
/home/edge-host/Documents/GitHub/Theoretically_Driven_LLM_Planning/test_amend_reclassifies_withou0
/home/edge-host/Documents/GitHub/Theoretically_Driven_LLM_Planning/test_amend_requires_a_reason0
/home/edge-host/Documents/GitHub/Theoretically_Driven_LLM_Planning/test_amendment_folds_over_the_0
/home/edge-host/Documents/GitHub/Theoretically_Driven_LLM_Planning/test_an_ingested_artifact_uri_0
/home/edge-host/Documents/GitHub/Theoretically_Driven_LLM_Planning/test_an_uncommitted_edit_to_cl0
/home/edge-host/Documents/GitHub/Theoretically_Driven_LLM_Planning/test_an_unknown_revision_is_st0
/home/edge-host/Documents/GitHub/Theoretically_Driven_LLM_Planning/test_an_unrun_test_that_splits0
/home/edge-host/Documents/GitHub/Theoretically_Driven_LLM_Planning/test_artifacts_are_written0
/home/edge-host/Documents/GitHub/Theoretically_Driven_LLM_Planning/test_artifacts_view_stamps_fil0
/home/edge-host/Documents/GitHub/Theoretically_Driven_LLM_Planning/test_asserted_evidence_can_nev0
/home/edge-host/Documents/GitHub/Theoretically_Driven_LLM_Planning/test_audit_change_blast_radius0
/home/edge-host/Documents/GitHub/Theoretically_Driven_LLM_Planning/test_audit_change_is_recorded_0
/home/edge-host/Documents/GitHub/Theoretically_Driven_LLM_Planning/test_audit_of_a_component_walk0
/home/edge-host/Documents/GitHub/Theoretically_Driven_LLM_Planning/test_belief_view_prints_the_st0
/home/edge-host/Documents/GitHub/Theoretically_Driven_LLM_Planning/test_buckets_that_disagree_ret0
/home/edge-host/Documents/GitHub/Theoretically_Driven_LLM_Planning/test_budget_exhaustion_is_repo0
/home/edge-host/Documents/GitHub/Theoretically_Driven_LLM_Planning/test_capability_claim_cannot_r0
/home/edge-host/Documents/GitHub/Theoretically_Driven_LLM_Planning/test_code_paths_are_checked_ag0
/home/edge-host/Documents/GitHub/Theoretically_Driven_LLM_Planning/test_components_load_from_the_0
/home/edge-host/Documents/GitHub/Theoretically_Driven_LLM_Planning/test_confirmed_leaders_are_not0
/home/edge-host/Documents/GitHub/Theoretically_Driven_LLM_Planning/test_consistency_yaml_lists_th0
/home/edge-host/Documents/GitHub/Theoretically_Driven_LLM_Planning/test_contested_is_more_testing0
/home/edge-host/Documents/GitHub/Theoretically_Driven_LLM_Planning/test_contract_gated_only_by_sa0
/home/edge-host/Documents/GitHub/Theoretically_Driven_LLM_Planning/test_counterexample_refutes_an0
/home/edge-host/Documents/GitHub/Theoretically_Driven_LLM_Planning/test_coverage_prints_the_contr0
/home/edge-host/Documents/GitHub/Theoretically_Driven_LLM_Planning/test_coverage_sorts_components0
/home/edge-host/Documents/GitHub/Theoretically_Driven_LLM_Planning/test_coverage_without_a_compon0
/home/edge-host/Documents/GitHub/Theoretically_Driven_LLM_Planning/test_cycle_emits_the_seven_out0
/home/edge-host/Documents/GitHub/Theoretically_Driven_LLM_Planning/test_decide_records_the_revisi0
/home/edge-host/Documents/GitHub/Theoretically_Driven_LLM_Planning/test_decide_records_with_an_ap0
/home/edge-host/Documents/GitHub/Theoretically_Driven_LLM_Planning/test_decide_refuses_to_self_ap0
/home/edge-host/Documents/GitHub/Theoretically_Driven_LLM_Planning/test_declared_buckets_partitio0
/home/edge-host/Documents/GitHub/Theoretically_Driven_LLM_Planning/test_diagnose_names_the_rerun0
/home/edge-host/Documents/GitHub/Theoretically_Driven_LLM_Planning/test_diagnosing_a_specific_run0
/home/edge-host/Documents/GitHub/Theoretically_Driven_LLM_Planning/test_e2e_failure_alone_does_no0
/home/edge-host/Documents/GitHub/Theoretically_Driven_LLM_Planning/test_every_file_and_folder_car0
/home/edge-host/Documents/GitHub/Theoretically_Driven_LLM_Planning/test_every_skipped_test_is_lis0
/home/edge-host/Documents/GitHub/Theoretically_Driven_LLM_Planning/test_evidence_citations_keep_a0
/home/edge-host/Documents/GitHub/Theoretically_Driven_LLM_Planning/test_evidence_measured_before_0
/home/edge-host/Documents/GitHub/Theoretically_Driven_LLM_Planning/test_evidence_views_name_the_b0
/home/edge-host/Documents/GitHub/Theoretically_Driven_LLM_Planning/test_evidence_views_name_the_b1
/home/edge-host/Documents/GitHub/Theoretically_Driven_LLM_Planning/test_evidence_views_name_the_b2
/home/edge-host/Documents/GitHub/Theoretically_Driven_LLM_Planning/test_evidence_views_name_the_b3
/home/edge-host/Documents/GitHub/Theoretically_Driven_LLM_Planning/test_evidence_views_name_the_b4
/home/edge-host/Documents/GitHub/Theoretically_Driven_LLM_Planning/test_exit_code_fallback_does_n0
/home/edge-host/Documents/GitHub/Theoretically_Driven_LLM_Planning/test_failing_command_records_a0
/home/edge-host/Documents/GitHub/Theoretically_Driven_LLM_Planning/test_gate_line_names_the_run0
/home/edge-host/Documents/GitHub/Theoretically_Driven_LLM_Planning/test_git_head_loading_and_pend0
/home/edge-host/Documents/GitHub/Theoretically_Driven_LLM_Planning/test_graph_and_coverage_keep_t0
/home/edge-host/Documents/GitHub/Theoretically_Driven_LLM_Planning/test_hardware_swap_reports_not0
/home/edge-host/Documents/GitHub/Theoretically_Driven_LLM_Planning/test_incompatible_evidence_is_0
/home/edge-host/Documents/GitHub/Theoretically_Driven_LLM_Planning/test_ingest_accepts_a_complete0
/home/edge-host/Documents/GitHub/Theoretically_Driven_LLM_Planning/test_ingest_rejects_records_wi0
/home/edge-host/Documents/GitHub/Theoretically_Driven_LLM_Planning/test_ingest_requires_an_artifa0
/home/edge-host/Documents/GitHub/Theoretically_Driven_LLM_Planning/test_insufficient_cannot_satis0
/home/edge-host/Documents/GitHub/Theoretically_Driven_LLM_Planning/test_insufficient_evidence_is_0
/home/edge-host/Documents/GitHub/Theoretically_Driven_LLM_Planning/test_invalid_trials_are_exclud0
/home/edge-host/Documents/GitHub/Theoretically_Driven_LLM_Planning/test_it_adopts_without_reruns_0
/home/edge-host/Documents/GitHub/Theoretically_Driven_LLM_Planning/test_it_reads_its_latest_run_o0
/home/edge-host/Documents/GitHub/Theoretically_Driven_LLM_Planning/test_joint_gate_on_a_branch_ci0
/home/edge-host/Documents/GitHub/Theoretically_Driven_LLM_Planning/test_joint_gate_requires_the_c0
/home/edge-host/Documents/GitHub/Theoretically_Driven_LLM_Planning/test_legacy_trials_without_fin0
/home/edge-host/Documents/GitHub/Theoretically_Driven_LLM_Planning/test_loads_from_git_head0
/home/edge-host/Documents/GitHub/Theoretically_Driven_LLM_Planning/test_mandatory_gate_runs_regar0
/home/edge-host/Documents/GitHub/Theoretically_Driven_LLM_Planning/test_missing_file_says_author_0
/home/edge-host/Documents/GitHub/Theoretically_Driven_LLM_Planning/test_missing_metrics_excluded_0
/home/edge-host/Documents/GitHub/Theoretically_Driven_LLM_Planning/test_more_testing_records_with0
/home/edge-host/Documents/GitHub/Theoretically_Driven_LLM_Planning/test_multi_slice_basis_handle_0
/home/edge-host/Documents/GitHub/Theoretically_Driven_LLM_Planning/test_new_evidence_counts_and_o0
/home/edge-host/Documents/GitHub/Theoretically_Driven_LLM_Planning/test_node_worthiness0
/home/edge-host/Documents/GitHub/Theoretically_Driven_LLM_Planning/test_non_ascii_declarations_st0
/home/edge-host/Documents/GitHub/Theoretically_Driven_LLM_Planning/test_not_evaluable_contract_ac0
/home/edge-host/Documents/GitHub/Theoretically_Driven_LLM_Planning/test_note_channel_creates_no_e0
/home/edge-host/Documents/GitHub/Theoretically_Driven_LLM_Planning/test_note_channel_is_asserted_0
/home/edge-host/Documents/GitHub/Theoretically_Driven_LLM_Planning/test_note_is_inert0
/home/edge-host/Documents/GitHub/Theoretically_Driven_LLM_Planning/test_one_failing_case_refutes_0
/home/edge-host/Documents/GitHub/Theoretically_Driven_LLM_Planning/test_one_fully_passing_run_sup0
/home/edge-host/Documents/GitHub/Theoretically_Driven_LLM_Planning/test_one_pass_is_one_call0
/home/edge-host/Documents/GitHub/Theoretically_Driven_LLM_Planning/test_out_placeholder_is_expand0
/home/edge-host/Documents/GitHub/Theoretically_Driven_LLM_Planning/test_prior_is_named_in_the_sli0
/home/edge-host/Documents/GitHub/Theoretically_Driven_LLM_Planning/test_probe_view_serves_premise0
/home/edge-host/Documents/GitHub/Theoretically_Driven_LLM_Planning/test_propose_branch_rejects_cy0
/home/edge-host/Documents/GitHub/Theoretically_Driven_LLM_Planning/test_propose_branch_warns_when0
/home/edge-host/Documents/GitHub/Theoretically_Driven_LLM_Planning/test_propose_branch_warns_when1
/home/edge-host/Documents/GitHub/Theoretically_Driven_LLM_Planning/test_prose_subject_is_reported0
/home/edge-host/Documents/GitHub/Theoretically_Driven_LLM_Planning/test_redundant_test_skipped_wi0
/home/edge-host/Documents/GitHub/Theoretically_Driven_LLM_Planning/test_refuted_slice_is_a_confir0
/home/edge-host/Documents/GitHub/Theoretically_Driven_LLM_Planning/test_regression_only_across_co0
/home/edge-host/Documents/GitHub/Theoretically_Driven_LLM_Planning/test_reject_when_refuted_every0
/home/edge-host/Documents/GitHub/Theoretically_Driven_LLM_Planning/test_repeating_one_strategy_do0
/home/edge-host/Documents/GitHub/Theoretically_Driven_LLM_Planning/test_restating_a_declared_node0
/home/edge-host/Documents/GitHub/Theoretically_Driven_LLM_Planning/test_restating_a_premise_makes0
/home/edge-host/Documents/GitHub/Theoretically_Driven_LLM_Planning/test_restating_a_staged_branch0
/home/edge-host/Documents/GitHub/Theoretically_Driven_LLM_Planning/test_rule_needing_a_metric_no_0
/home/edge-host/Documents/GitHub/Theoretically_Driven_LLM_Planning/test_run_test_and_decide_point0
/home/edge-host/Documents/GitHub/Theoretically_Driven_LLM_Planning/test_run_test_reports_unknown_0
/home/edge-host/Documents/GitHub/Theoretically_Driven_LLM_Planning/test_scoring_a_definition_that0
/home/edge-host/Documents/GitHub/Theoretically_Driven_LLM_Planning/test_set_hash_changes_when_the0
/home/edge-host/Documents/GitHub/Theoretically_Driven_LLM_Planning/test_set_hash_is_stable_and_or0
/home/edge-host/Documents/GitHub/Theoretically_Driven_LLM_Planning/test_settled_failure_is_also_i0
/home/edge-host/Documents/GitHub/Theoretically_Driven_LLM_Planning/test_staged_branch_can_be_cite0
/home/edge-host/Documents/GitHub/Theoretically_Driven_LLM_Planning/test_staged_branch_persists_an0
/home/edge-host/Documents/GitHub/Theoretically_Driven_LLM_Planning/test_stale_evidence_cannot_sat0
/home/edge-host/Documents/GitHub/Theoretically_Driven_LLM_Planning/test_status_views0
/home/edge-host/Documents/GitHub/Theoretically_Driven_LLM_Planning/test_status_views_carry_a_basi0
/home/edge-host/Documents/GitHub/Theoretically_Driven_LLM_Planning/test_store_ledger_immutability0
/home/edge-host/Documents/GitHub/Theoretically_Driven_LLM_Planning/test_structured_trials_become_0
/home/edge-host/Documents/GitHub/Theoretically_Driven_LLM_Planning/test_supported_and_refuted0
/home/edge-host/Documents/GitHub/Theoretically_Driven_LLM_Planning/test_supported_slice_with_one_0
/home/edge-host/Documents/GitHub/Theoretically_Driven_LLM_Planning/test_test_version_changes_with0
/home/edge-host/Documents/GitHub/Theoretically_Driven_LLM_Planning/test_the_artifacts_view_writes0
/home/edge-host/Documents/GitHub/Theoretically_Driven_LLM_Planning/test_the_hook_survives_a_comma0
/home/edge-host/Documents/GitHub/Theoretically_Driven_LLM_Planning/test_the_plan_reschedules_the_0
/home/edge-host/Documents/GitHub/Theoretically_Driven_LLM_Planning/test_the_read_hook_records_wha0
/home/edge-host/Documents/GitHub/Theoretically_Driven_LLM_Planning/test_the_read_log_drops_the_en0
/home/edge-host/Documents/GitHub/Theoretically_Driven_LLM_Planning/test_the_refusal_counts_amende0
/home/edge-host/Documents/GitHub/Theoretically_Driven_LLM_Planning/test_the_same_test_is_not_reco0
/home/edge-host/Documents/GitHub/Theoretically_Driven_LLM_Planning/test_tight_interval_that_does_0
/home/edge-host/Documents/GitHub/Theoretically_Driven_LLM_Planning/test_trace_expands_a_citation_0
/home/edge-host/Documents/GitHub/Theoretically_Driven_LLM_Planning/test_trace_lists_known_handles0
/home/edge-host/Documents/GitHub/Theoretically_Driven_LLM_Planning/test_tree_prints_each_statemen0
/home/edge-host/Documents/GitHub/Theoretically_Driven_LLM_Planning/test_trials_carry_over_when_th0
/home/edge-host/Documents/GitHub/Theoretically_Driven_LLM_Planning/test_unbacked_assumption_found0
/home/edge-host/Documents/GitHub/Theoretically_Driven_LLM_Planning/test_uncertain_test_is_selecte0
/home/edge-host/Documents/GitHub/Theoretically_Driven_LLM_Planning/test_uncommitted_file_is_not_i0
/home/edge-host/Documents/GitHub/Theoretically_Driven_LLM_Planning/test_uncommitted_threshold_cha0
/home/edge-host/Documents/GitHub/Theoretically_Driven_LLM_Planning/test_unknown_evidence_id_is_re0
/home/edge-host/Documents/GitHub/Theoretically_Driven_LLM_Planning/test_unknown_view_is_reported0
/home/edge-host/Documents/GitHub/Theoretically_Driven_LLM_Planning/test_unmatched_conditions_land0
/home/edge-host/Documents/GitHub/Theoretically_Driven_LLM_Planning/test_unobserved_component_with0
/home/edge-host/Documents/GitHub/Theoretically_Driven_LLM_Planning/test_unproven_safety_gate_is_m0
/home/edge-host/Documents/GitHub/Theoretically_Driven_LLM_Planning/test_upstream_of_a_failure_is_0
/home/edge-host/Documents/GitHub/Theoretically_Driven_LLM_Planning/test_verdict_carries_its_evide0
/home/edge-host/Documents/GitHub/Theoretically_Driven_LLM_Planning/test_verification_and_decide_f0
/home/edge-host/Documents/GitHub/Theoretically_Driven_LLM_Planning/test_verify_step_allows_a_gap_0
/home/edge-host/Documents/GitHub/Theoretically_Driven_LLM_Planning/test_verify_step_refuses_a_fal0
/home/edge-host/Documents/GitHub/Theoretically_Driven_LLM_Planning/test_wide_interval_that_change0
/home/edge-host/Documents/GitHub/Theoretically_Driven_LLM_Planning/test_withdraw_refuses_a_declar0
/home/edge-host/Documents/GitHub/Theoretically_Driven_LLM_Planning/test_withdraw_retires_a_staged0
/home/edge-host/Documents/GitHub/Theoretically_Driven_LLM_Planning/test_working_tree_edits_do_not0
/home/edge-host/Documents/GitHub/Theoretically_Driven_LLM_Planning/test_zero_tolerance_contract_i0
/home/edge-host/Documents/GitHub/Theoretically_Driven_LLM_Planning/tests/__pycache__/conftest.cpython-313-pytest-9.1.1.pyc
/home/edge-host/Documents/GitHub/Theoretically_Driven_LLM_Planning/tests/__pycache__/test_beliefs.cpython-313-pytest-9.1.1.pyc
/home/edge-host/Documents/GitHub/Theoretically_Driven_LLM_Planning/tests/__pycache__/test_gate_and_staleness.cpython-313-pytest-9.1.1.pyc
/home/edge-host/Documents/GitHub/Theoretically_Driven_LLM_Planning/.belief/artifacts/RUN-0014/reads.log
/home/edge-host/Documents/GitHub/Theoretically_Driven_LLM_Planning/.belief/artifacts/RUN-0014/result.json
/home/edge-host/Documents/GitHub/Theoretically_Driven_LLM_Planning/tools/pytest_trials.py
